film;year;wikipedia_url;Oscar winner;original budget;budget_original_currency;budget_original_value;budget converted to USD;outlier
Wings;1927;http://en.wikipedia.org/wiki/Wings_(1927_film);True;USD 2000000;USD;2000000;2000000.0;False
The Racket;1927;http://en.wikipedia.org/wiki/The_Racket_(1928_film);False; 0;;0;0.0;True
Seventh Heaven;1927;http://en.wikipedia.org/wiki/Seventh_Heaven_(1927_film);False;USD 1300000;USD;1300000;1300000.0;False
The Broadway Melody;1928;http://en.wikipedia.org/wiki/The_Broadway_Melody;True; 0;;0;0.0;True
Alibi;1928;http://en.wikipedia.org/wiki/Alibi_(1929_film);False; 0;;0;0.0;True
Hollywood Revue;1928;http://en.wikipedia.org/wiki/The_Hollywood_Revue_of_1929;False;USD 426000;USD;426000;426000.0;False
In Old Arizona;1928;http://en.wikipedia.org/wiki/In_Old_Arizona;False; 0;;0;0.0;True
The Patriot;1928;http://en.wikipedia.org/wiki/The_Patriot_(1928_film);False;USD 1000000;USD;1000000;1000000.0;False
All Quiet on the Western Front;1929;http://en.wikipedia.org/wiki/All_Quiet_on_the_Western_Front_(1930_film);True;USD 1200000;USD;1200000;1200000.0;False
The Big House;1929;http://en.wikipedia.org/wiki/The_Big_House_(1930_film);False; 0;;0;0.0;True
Disraeli;1929;http://en.wikipedia.org/wiki/Disraeli_(1929_film);False; 0;;0;0.0;True
The Divorcee;1929;http://en.wikipedia.org/wiki/The_Divorcee;False; 0;;0;0.0;True
The Love Parade;1929;http://en.wikipedia.org/wiki/The_Love_Parade;False; 0;;0;0.0;True
Cimarron;1930;http://en.wikipedia.org/wiki/Cimarron_(1931_film);True;USD 1433000;USD;1433000;1433000.0;False
East Lynne;1930;http://en.wikipedia.org/wiki/East_Lynne_(1931_film);False; 0;;0;0.0;True
The Front Page;1930;http://en.wikipedia.org/wiki/The_Front_Page_(1931_film);False; 0;;0;0.0;True
Skippy;1930;http://en.wikipedia.org/wiki/Skippy_(1931_film);False; 0;;0;0.0;True
Trader Horn;1930;http://en.wikipedia.org/wiki/Trader_Horn_(1931_film);False;USD 1300000;USD;1300000;1300000.0;False
Grand Hotel;1931;http://en.wikipedia.org/wiki/Grand_Hotel_(film);True;USD 750000;USD;750000;750000.0;False
Arrowsmith;1931;http://en.wikipedia.org/wiki/Arrowsmith_(film);False; 0;;0;0.0;True
Bad Girl;1931;http://en.wikipedia.org/wiki/Bad_Girl_(1931_film);False; 0;;0;0.0;True
The Champ;1931;http://en.wikipedia.org/wiki/The_Champ_(1931_film);False; 0;;0;0.0;True
Five Star Final;1931;http://en.wikipedia.org/wiki/Five_Star_Final;False; 0;;0;0.0;True
One Hour with You;1931;http://en.wikipedia.org/wiki/One_Hour_with_You;False; 0;;0;0.0;True
Shanghai Express;1931;http://en.wikipedia.org/wiki/Shanghai_Express_(film);False; 0;;0;0.0;True
The Smiling Lieutenant;1931;http://en.wikipedia.org/wiki/The_Smiling_Lieutenant;False; 0;;0;0.0;True
Cavalcade  [H];1932;http://en.wikipedia.org/wiki/Cavalcade_(1933_film);True;USD 1180280;USD;1180280;1180280.0;False
42nd Street;1932;http://en.wikipedia.org/wiki/42nd_Street_(film);False;USD 439000;USD;439000;439000.0;False
A Farewell to Arms [H];1932;http://en.wikipedia.org/wiki/A_Farewell_to_Arms_(1932_film);False;USD 900000;USD;900000;900000.0;False
I Am a Fugitive from a Chain Gang;1932;http://en.wikipedia.org/wiki/I_Am_a_Fugitive_from_a_Chain_Gang;False; 0;;0;0.0;True
Lady for a Day;1932;http://en.wikipedia.org/wiki/Lady_for_a_Day;False;USD 300000;USD;300000;300000.0;False
Little Women [H];1932;http://en.wikipedia.org/wiki/Little_Women_(1933_film);False;USD 424000;USD;424000;424000.0;False
The Private Life of Henry VIII;1932;http://en.wikipedia.org/wiki/The_Private_Life_of_Henry_VIII;False;GBP 65000;GBP;65000;83850.0;False
She Done Him Wrong;1932;http://en.wikipedia.org/wiki/She_Done_Him_Wrong;False;USD 200000;USD;200000;200000.0;False
Smilin' Through;1932;http://en.wikipedia.org/wiki/Smilin%27_Through_(1932_film);False;USD 851000;USD;851000;851000.0;False
State Fair;1932;http://en.wikipedia.org/wiki/State_Fair_(1933_film);False;USD 600000;USD;600000;600000.0;False
It Happened One Night  [I];1934;http://en.wikipedia.org/wiki/It_Happened_One_Night;True;USD 325000;USD;325000;325000.0;False
The Barretts of Wimpole Street [I];1934;http://en.wikipedia.org/wiki/The_Barretts_of_Wimpole_Street_(1934_film);False;USD 820000;USD;820000;820000.0;False
Cleopatra;1934;http://en.wikipedia.org/wiki/Cleopatra_(1934_film);False; 0;;0;0.0;True
Flirtation Walk;1934;http://en.wikipedia.org/wiki/Flirtation_Walk;False; 0;;0;0.0;True
The Gay Divorcee;1934;http://en.wikipedia.org/wiki/The_Gay_Divorcee;False;USD 520000;USD;520000;520000.0;False
Here Comes the Navy;1934;http://en.wikipedia.org/wiki/Here_Comes_the_Navy;False; 0;;0;0.0;True
The House of Rothschild [I];1934;http://en.wikipedia.org/wiki/The_House_of_Rothschild;False; 0;;0;0.0;True
Imitation of Life;1934;http://en.wikipedia.org/wiki/Imitation_of_Life_(1934_film);False; 0;;0;0.0;True
One Night of Love;1934;http://en.wikipedia.org/wiki/One_Night_of_Love;False; 0;;0;0.0;True
The Thin Man;1934;http://en.wikipedia.org/wiki/The_Thin_Man_(film);False;USD 226408;USD;226408;226408.0;False
Viva Villa!;1934;http://en.wikipedia.org/wiki/Viva_Villa!;False;USD 1022000;USD;1022000;1022000.0;False
The White Parade;1934;http://en.wikipedia.org/wiki/The_White_Parade;False; 0;;0;0.0;True
Mutiny on the Bounty  [J];1935;http://en.wikipedia.org/wiki/Mutiny_on_the_Bounty_(1935_film);True;USD 1950000;USD;1950000;1950000.0;False
Alice Adams;1935;http://en.wikipedia.org/wiki/Alice_Adams_(film);False;USD 342000;USD;342000;342000.0;False
Broadway Melody of 1936;1935;http://en.wikipedia.org/wiki/Broadway_Melody_of_1936;False;USD 1062000;USD;1062000;1062000.0;False
Captain Blood [J];1935;http://en.wikipedia.org/wiki/Captain_Blood_(1935_film);False;USD 1000000;USD;1000000;1000000.0;False
David Copperfield;1935;http://en.wikipedia.org/wiki/Personal_History,_Adventures,_Experience,_and_Observation_of_David_Copperfield_the_Younger_(1935);False;USD 1073000;USD;1073000;1073000.0;False
The Informer [J];1935;http://en.wikipedia.org/wiki/The_Informer_(1935_film);False;USD 243000;USD;243000;243000.0;False
The Lives of a Bengal Lancer;1935;http://en.wikipedia.org/wiki/The_Lives_of_a_Bengal_Lancer_(film);False; 0;;0;0.0;True
A Midsummer Night's Dream;1935;http://en.wikipedia.org/wiki/A_Midsummer_Night%27s_Dream_(1935_film);False;USD 981000;USD;981000;981000.0;False
Les Mis√©rables;1935;http://en.wikipedia.org/wiki/Les_Mis%C3%A9rables_(1935_film);False; 0;;0;0.0;True
Naughty Marietta;1935;http://en.wikipedia.org/wiki/Naughty_Marietta_(film);False;USD 782000;USD;782000;782000.0;False
Ruggles of Red Gap;1935;http://en.wikipedia.org/wiki/Ruggles_of_Red_Gap;False; 0;;0;0.0;True
Top Hat;1935;http://en.wikipedia.org/wiki/Top_Hat;False;USD 609000;USD;609000;609000.0;False
The Great Ziegfeld;1936;http://en.wikipedia.org/wiki/The_Great_Ziegfeld;True;USD 2183000;USD;2183000;2183000.0;False
Anthony Adverse;1936;http://en.wikipedia.org/wiki/Anthony_Adverse;False; 0;;0;0.0;True
Dodsworth;1936;http://en.wikipedia.org/wiki/Dodsworth_(film);False; 0;;0;0.0;True
Libeled Lady;1936;http://en.wikipedia.org/wiki/Libeled_Lady;False;USD 603000;USD;603000;603000.0;False
Mr. Deeds Goes to Town;1936;http://en.wikipedia.org/wiki/Mr._Deeds_Goes_to_Town;False;USD 845710;USD;845710;845710.0;False
Romeo and Juliet;1936;http://en.wikipedia.org/wiki/Romeo_and_Juliet_(1936_film);False;USD 2066000;USD;2066000;2066000.0;False
San Francisco;1936;http://en.wikipedia.org/wiki/San_Francisco_(1936_film);False;USD 1300000;USD;1300000;1300000.0;False
The Story of Louis Pasteur;1936;http://en.wikipedia.org/wiki/The_Story_of_Louis_Pasteur;False; 0;;0;0.0;True
A Tale of Two Cities;1936;http://en.wikipedia.org/wiki/A_Tale_of_Two_Cities_(1935_film);False;USD 1232000;USD;1232000;1232000.0;False
Three Smart Girls;1936;http://en.wikipedia.org/wiki/Three_Smart_Girls;False; 0;;0;0.0;True
The Life of Emile Zola;1937;http://en.wikipedia.org/wiki/The_Life_of_Emile_Zola;True; 0;;0;0.0;True
The Awful Truth;1937;http://en.wikipedia.org/wiki/The_Awful_Truth;False; 0;;0;0.0;True
Captains Courageous;1937;http://en.wikipedia.org/wiki/Captains_Courageous_(1937_film);False;USD 1645000;USD;1645000;1645000.0;False
Dead End;1937;http://en.wikipedia.org/wiki/Dead_End_(1937_film);False;USD 900000;USD;900000;900000.0;False
The Good Earth;1937;http://en.wikipedia.org/wiki/The_Good_Earth_(film);False;USD 2816000;USD;2816000;2816000.0;False
In Old Chicago;1937;http://en.wikipedia.org/wiki/In_Old_Chicago;False; 0;;0;0.0;True
Lost Horizon;1937;http://en.wikipedia.org/wiki/Lost_Horizon_(1937_film);False;USD 2000000;USD;2000000;2000000.0;False
One Hundred Men and a Girl;1937;http://en.wikipedia.org/wiki/One_Hundred_Men_and_a_Girl;False; 0;;0;0.0;True
Stage Door;1937;http://en.wikipedia.org/wiki/Stage_Door;False;USD 952000;USD;952000;952000.0;False
A Star Is Born;1937;http://en.wikipedia.org/wiki/A_Star_Is_Born_(1937_film);False;USD 1200000;USD;1200000;1200000.0;False
You Can't Take It With You;1938;http://en.wikipedia.org/wiki/You_Can%27t_Take_It_With_You_(film);True;USD 1644736;USD;1644736;1644736.0;False
The Adventures of Robin Hood;1938;http://en.wikipedia.org/wiki/The_Adventures_of_Robin_Hood_(film);False;USD 2033000;USD;2033000;2033000.0;False
Alexander's Ragtime Band;1938;http://en.wikipedia.org/wiki/Alexander%27s_Ragtime_Band_(film);False;USD 12000002275000;USD;12000002275000;12000002275000.0;True
Boys Town;1938;http://en.wikipedia.org/wiki/Boys_Town_(1938_film);False;USD 772000;USD;772000;772000.0;False
The Citadel;1938;http://en.wikipedia.org/wiki/The_Citadel_(film);False;USD 1012000;USD;1012000;1012000.0;False
Four Daughters;1938;http://en.wikipedia.org/wiki/Four_Daughters;False; 0;;0;0.0;True
Grand Illusion  [K];1938;http://en.wikipedia.org/wiki/Grand_Illusion_(film);False; 0;;0;0.0;True
Jezebel;1938;http://en.wikipedia.org/wiki/Jezebel_(film);False;USD 1250000;USD;1250000;1250000.0;False
Pygmalion;1938;http://en.wikipedia.org/wiki/Pygmalion_(1938_film);False;GBP 87000;GBP;87000;112230.0;False
Test Pilot;1938;http://en.wikipedia.org/wiki/Test_Pilot_(film);False;USD 1701000;USD;1701000;1701000.0;False
Gone with the Wind;1939;http://en.wikipedia.org/wiki/Gone_with_the_Wind_(film);True;USD 3850000;USD;3850000;3850000.0;False
Dark Victory;1939;http://en.wikipedia.org/wiki/Dark_Victory;False; 0;;0;0.0;True
Goodbye, Mr. Chips;1939;http://en.wikipedia.org/wiki/Goodbye,_Mr._Chips_(1939_film);False;USD 1051000;USD;1051000;1051000.0;False
Love Affair;1939;http://en.wikipedia.org/wiki/Love_Affair_(1939_film);False;USD 860000;USD;860000;860000.0;False
Mr. Smith Goes to Washington;1939;http://en.wikipedia.org/wiki/Mr._Smith_Goes_to_Washington;False;USD 1500000;USD;1500000;1500000.0;False
Ninotchka;1939;http://en.wikipedia.org/wiki/Ninotchka;False;USD 1365000;USD;1365000;1365000.0;False
Of Mice and Men;1939;http://en.wikipedia.org/wiki/Of_Mice_and_Men_(1939_film);False; 0;;0;0.0;True
Stagecoach;1939;http://en.wikipedia.org/wiki/Stagecoach_(1939_film);False;USD 531374;USD;531374;531374.0;False
The Wizard of Oz;1939;http://en.wikipedia.org/wiki/The_Wizard_of_Oz_(1939_film);False;USD 2777000;USD;2777000;2777000.0;False
Wuthering Heights;1939;http://en.wikipedia.org/wiki/Wuthering_Heights_(1939_film);False; 0;;0;0.0;True
Rebecca;1940;http://en.wikipedia.org/wiki/Rebecca_(1940_film);True;USD 1288000;USD;1288000;1288000.0;False
All This, and Heaven Too;1940;http://en.wikipedia.org/wiki/All_This,_and_Heaven_Too;False; 0;;0;0.0;True
Foreign Correspondent;1940;http://en.wikipedia.org/wiki/Foreign_Correspondent_(film);False;USD 1484167;USD;1484167;1484167.0;False
The Grapes of Wrath;1940;http://en.wikipedia.org/wiki/The_Grapes_of_Wrath_(film);False;USD 800000;USD;800000;800000.0;False
The Great Dictator;1940;http://en.wikipedia.org/wiki/The_Great_Dictator;False;USD 2000000;USD;2000000;2000000.0;False
Kitty Foyle;1940;http://en.wikipedia.org/wiki/Kitty_Foyle_(film);False;USD 738000;USD;738000;738000.0;False
The Letter;1940;http://en.wikipedia.org/wiki/The_Letter_(1940_film);False; 0;;0;0.0;True
The Long Voyage Home;1940;http://en.wikipedia.org/wiki/The_Long_Voyage_Home;False;USD 682495;USD;682495;682495.0;False
Our Town;1940;http://en.wikipedia.org/wiki/Our_Town_(1940_film);False; 0;;0;0.0;True
The Philadelphia Story;1940;http://en.wikipedia.org/wiki/The_Philadelphia_Story_(film);False;USD 914000;USD;914000;914000.0;False
How Green Was My Valley;1941;http://en.wikipedia.org/wiki/How_Green_Was_My_Valley_(film);True;USD 800000;USD;800000;800000.0;False
Blossoms in the Dust;1941;http://en.wikipedia.org/wiki/Blossoms_in_the_Dust;False;USD 1112000;USD;1112000;1112000.0;False
Citizen Kane;1941;http://en.wikipedia.org/wiki/Citizen_Kane;False;USD 839727;USD;839727;839727.0;False
Here Comes Mr. Jordan;1941;http://en.wikipedia.org/wiki/Here_Comes_Mr._Jordan;False; 0;;0;0.0;True
Hold Back the Dawn;1941;http://en.wikipedia.org/wiki/Hold_Back_the_Dawn;False; 0;;0;0.0;True
The Little Foxes;1941;http://en.wikipedia.org/wiki/The_Little_Foxes_(film);False; 0;;0;0.0;True
The Maltese Falcon;1941;http://en.wikipedia.org/wiki/The_Maltese_Falcon_(1941_film);False;USD 381000;USD;381000;381000.0;False
One Foot in Heaven;1941;http://en.wikipedia.org/wiki/One_Foot_in_Heaven;False; 0;;0;0.0;True
Sergeant York;1941;http://en.wikipedia.org/wiki/Sergeant_York_(film);False;USD 1400000;USD;1400000;1400000.0;False
Suspicion;1941;http://en.wikipedia.org/wiki/Suspicion_(1941_film);False;USD 1103000;USD;1103000;1103000.0;False
Mrs. Miniver;1942;http://en.wikipedia.org/wiki/Mrs._Miniver_(film);True;USD 1340000;USD;1340000;1340000.0;False
The Invaders;1942;http://en.wikipedia.org/wiki/49th_Parallel_(film);False;GBP 132000;GBP;132000;170280.0;False
Kings Row;1942;http://en.wikipedia.org/wiki/Kings_Row;False;USD 1081698;USD;1081698;1081698.0;False
The Magnificent Ambersons;1942;http://en.wikipedia.org/wiki/The_Magnificent_Ambersons_(film);False;USD 1100000;USD;1100000;1100000.0;False
The Pied Piper;1942;http://en.wikipedia.org/wiki/The_Pied_Piper_(1942_film);False; 0;;0;0.0;True
The Pride of the Yankees;1942;http://en.wikipedia.org/wiki/The_Pride_of_the_Yankees;False; 0;;0;0.0;True
Random Harvest;1942;http://en.wikipedia.org/wiki/Random_Harvest_(film);False;USD 1210000;USD;1210000;1210000.0;False
The Talk of the Town;1942;http://en.wikipedia.org/wiki/The_Talk_of_the_Town_(1942_film);False;USD 1000000;USD;1000000;1000000.0;False
Wake Island;1942;http://en.wikipedia.org/wiki/Wake_Island_(1942_film);False; 0;;0;0.0;True
Yankee Doodle Dandy;1942;http://en.wikipedia.org/wiki/Yankee_Doodle_Dandy;False; 0;;0;0.0;True
Casablanca;1943;http://en.wikipedia.org/wiki/Casablanca_(film);True;USD 878000;USD;878000;878000.0;False
For Whom the Bell Tolls;1943;http://en.wikipedia.org/wiki/For_Whom_the_Bell_Tolls_(film);False; 0;;0;0.0;True
Heaven Can Wait;1943;http://en.wikipedia.org/wiki/Heaven_Can_Wait_(1943_film);False;USD 1115000;USD;1115000;1115000.0;False
The Human Comedy;1943;http://en.wikipedia.org/wiki/The_Human_Comedy_(film);False;USD 1000000;USD;1000000;1000000.0;False
In Which We Serve;1943;http://en.wikipedia.org/wiki/In_Which_We_Serve;False;GBP 240000;GBP;240000;309600.0;False
Madame Curie;1943;http://en.wikipedia.org/wiki/Madame_Curie_(film);False;USD 1938000;USD;1938000;1938000.0;False
The More the Merrier;1943;http://en.wikipedia.org/wiki/The_More_the_Merrier;False;USD 878000;USD;878000;878000.0;False
The Ox-Bow Incident;1943;http://en.wikipedia.org/wiki/The_Ox-Bow_Incident;False;USD 565000;USD;565000;565000.0;False
The Song of Bernadette;1943;http://en.wikipedia.org/wiki/The_Song_of_Bernadette_(film);False;USD 1600000;USD;1600000;1600000.0;False
Watch on the Rhine;1943;http://en.wikipedia.org/wiki/Watch_on_the_Rhine;False; 0;;0;0.0;True
Going My Way;1944;http://en.wikipedia.org/wiki/Going_My_Way;True; 0;;0;0.0;True
Double Indemnity;1944;http://en.wikipedia.org/wiki/Double_Indemnity_(film);False;USD 980000;USD;980000;980000.0;False
Gaslight;1944;http://en.wikipedia.org/wiki/Gaslight_(1944_film);False;USD 2068000;USD;2068000;2068000.0;False
Since You Went Away;1944;http://en.wikipedia.org/wiki/Since_You_Went_Away;False;USD 3257000;USD;3257000;3257000.0;False
Wilson;1944;http://en.wikipedia.org/wiki/Wilson_(film);False;USD 2995000;USD;2995000;2995000.0;False
The Lost Weekend;1945;http://en.wikipedia.org/wiki/The_Lost_Weekend_(film);True;USD 1250000;USD;1250000;1250000.0;False
Anchors Aweigh;1945;http://en.wikipedia.org/wiki/Anchors_Aweigh_(film);False;USD 2580000;USD;2580000;2580000.0;False
The Bells of St. Mary's;1945;http://en.wikipedia.org/wiki/The_Bells_of_St._Mary%27s;False; 0;;0;0.0;True
Mildred Pierce;1945;http://en.wikipedia.org/wiki/Mildred_Pierce_(film);False;USD 1453000;USD;1453000;1453000.0;False
Spellbound;1945;http://en.wikipedia.org/wiki/Spellbound_(1945_film);False;USD 1500000;USD;1500000;1500000.0;False
The Best Years of Our Lives;1946;http://en.wikipedia.org/wiki/The_Best_Years_of_Our_Lives;True;USD 2100000;USD;2100000;2100000.0;False
Henry V;1946;http://en.wikipedia.org/wiki/Henry_V_(1944_film);False;GBP 475708000000;GBP;475708000000;613663320000.0;True
It's a Wonderful Life;1946;http://en.wikipedia.org/wiki/It%27s_a_Wonderful_Life;False;USD 3180000;USD;3180000;3180000.0;False
The Razor's Edge;1946;http://en.wikipedia.org/wiki/The_Razor%27s_Edge_(1946_film);False;USD 1200000;USD;1200000;1200000.0;False
The Yearling;1946;http://en.wikipedia.org/wiki/The_Yearling_(film);False;USD 3883000;USD;3883000;3883000.0;False
Gentleman's Agreement;1947;http://en.wikipedia.org/wiki/Gentleman%27s_Agreement;True;USD 1985000;USD;1985000;1985000.0;False
The Bishop's Wife;1947;http://en.wikipedia.org/wiki/The_Bishop%27s_Wife;False; 0;;0;0.0;True
Crossfire;1947;http://en.wikipedia.org/wiki/Crossfire_(film);False;USD 678000;USD;678000;678000.0;False
Great Expectations;1947;http://en.wikipedia.org/wiki/Great_Expectations_(1946_film);False; 375000;;375000;0.0;True
Miracle on 34th Street;1947;http://en.wikipedia.org/wiki/Miracle_on_34th_Street;False;USD 630000;USD;630000;630000.0;False
Hamlet;1948;http://en.wikipedia.org/wiki/Hamlet_(1948_film);True;GBP 527530;GBP;527530;680513.7000000001;False
Johnny Belinda;1948;http://en.wikipedia.org/wiki/Johnny_Belinda_(1948_film);False; 0;;0;0.0;True
The Red Shoes;1948;http://en.wikipedia.org/wiki/The_Red_Shoes_(1948_film);False;GBP 505581;GBP;505581;652199.49;False
The Snake Pit;1948;http://en.wikipedia.org/wiki/The_Snake_Pit;False; 0;;0;0.0;True
The Treasure of the Sierra Madre;1948;http://en.wikipedia.org/wiki/The_Treasure_of_the_Sierra_Madre_(film);False;USD 3000000;USD;3000000;3000000.0;False
All the King's Men;1949;http://en.wikipedia.org/wiki/All_the_King%27s_Men_(1949_film);True; 0;;0;0.0;True
Battleground;1949;http://en.wikipedia.org/wiki/Battleground_(1949_film);False;USD 1631000;USD;1631000;1631000.0;False
The Heiress;1949;http://en.wikipedia.org/wiki/The_Heiress;False;USD 2600000;USD;2600000;2600000.0;False
A Letter to Three Wives;1949;http://en.wikipedia.org/wiki/A_Letter_to_Three_Wives;False; 0;;0;0.0;True
Twelve O'Clock High;1949;http://en.wikipedia.org/wiki/Twelve_O%27Clock_High;False; 0;;0;0.0;True
All About Eve;1950;http://en.wikipedia.org/wiki/All_About_Eve;True;USD 1400000;USD;1400000;1400000.0;False
Born Yesterday;1950;http://en.wikipedia.org/wiki/Born_Yesterday_(1950_film);False; 0;;0;0.0;True
Father of the Bride;1950;http://en.wikipedia.org/wiki/Father_of_the_Bride_(1950_film);False;USD 1215000;USD;1215000;1215000.0;False
King Solomon's Mines;1950;http://en.wikipedia.org/wiki/King_Solomon%27s_Mines_(1950_film);False;USD 2258000;USD;2258000;2258000.0;False
Sunset Boulevard;1950;http://en.wikipedia.org/wiki/Sunset_Boulevard_(film);False;USD 1750000;USD;1750000;1750000.0;False
An American in Paris;1951;http://en.wikipedia.org/wiki/An_American_in_Paris_(film);True;USD 2724000;USD;2724000;2724000.0;False
Decision Before Dawn;1951;http://en.wikipedia.org/wiki/Decision_Before_Dawn;False; 0;;0;0.0;True
A Place in the Sun;1951;http://en.wikipedia.org/wiki/A_Place_in_the_Sun_(film);False;USD 2295304;USD;2295304;2295304.0;False
Quo Vadis;1951;http://en.wikipedia.org/wiki/Quo_Vadis_(1951_film);False;USD 7623000;USD;7623000;7623000.0;False
A Streetcar Named Desire;1951;http://en.wikipedia.org/wiki/A_Streetcar_Named_Desire_(1951_film);False;USD 1800000;USD;1800000;1800000.0;False
The Greatest Show on Earth;1952;http://en.wikipedia.org/wiki/The_Greatest_Show_on_Earth;True; 0;;0;0.0;True
High Noon;1952;http://en.wikipedia.org/wiki/High_Noon;False;USD 730000;USD;730000;730000.0;False
Ivanhoe;1952;http://en.wikipedia.org/wiki/Ivanhoe_(1952_film);False;USD 3842000;USD;3842000;3842000.0;False
Moulin Rouge;1952;http://en.wikipedia.org/wiki/Moulin_Rouge_(1952_film);False;USD 1500000;USD;1500000;1500000.0;False
The Quiet Man;1952;http://en.wikipedia.org/wiki/The_Quiet_Man;False;USD 1750000;USD;1750000;1750000.0;False
From Here to Eternity;1953;http://en.wikipedia.org/wiki/From_Here_to_Eternity;True;USD 1650000;USD;1650000;1650000.0;False
Julius Caesar;1953;http://en.wikipedia.org/wiki/Julius_Caesar_(1953_film);False;USD 2070000;USD;2070000;2070000.0;False
The Robe;1953;http://en.wikipedia.org/wiki/The_Robe_(film);False;USD 4099999;USD;4099999;4099999.0;False
Roman Holiday;1953;http://en.wikipedia.org/wiki/Roman_Holiday;False;USD 1500000;USD;1500000;1500000.0;False
Shane;1953;http://en.wikipedia.org/wiki/Shane_(film);False;USD 3100000;USD;3100000;3100000.0;False
On the Waterfront;1954;http://en.wikipedia.org/wiki/On_the_Waterfront;True;USD 910000;USD;910000;910000.0;False
The Caine Mutiny;1954;http://en.wikipedia.org/wiki/The_Caine_Mutiny_(film);False;USD 2000000;USD;2000000;2000000.0;False
The Country Girl;1954;http://en.wikipedia.org/wiki/The_Country_Girl_(1954_film);False; 0;;0;0.0;True
Seven Brides for Seven Brothers;1954;http://en.wikipedia.org/wiki/Seven_Brides_for_Seven_Brothers_(film);False;USD 2540000;USD;2540000;2540000.0;False
Three Coins in the Fountain;1954;http://en.wikipedia.org/wiki/Three_Coins_in_the_Fountain_(1954_film);False;USD 1700000;USD;1700000;1700000.0;False
Marty;1955;http://en.wikipedia.org/wiki/Marty_(film);True;USD 350000;USD;350000;350000.0;False
Love Is a Many-Splendored Thing;1955;http://en.wikipedia.org/wiki/Love_Is_a_Many-Splendored_Thing_(film);False;USD 1780000;USD;1780000;1780000.0;False
Mister Roberts;1955;http://en.wikipedia.org/wiki/Mister_Roberts_(1955_film);False; 0;;0;0.0;True
Picnic;1955;http://en.wikipedia.org/wiki/Picnic_(1955_film);False; 0;;0;0.0;True
The Rose Tattoo;1955;http://en.wikipedia.org/wiki/The_Rose_Tattoo_(film);False; 0;;0;0.0;True
Around the World in 80 Days;1956;http://en.wikipedia.org/wiki/Around_the_World_in_80_Days_(1956_film);True;USD 6000000;USD;6000000;6000000.0;False
Friendly Persuasion;1956;http://en.wikipedia.org/wiki/Friendly_Persuasion_(1956_film);False;USD 3000000;USD;3000000;3000000.0;False
Giant;1956;http://en.wikipedia.org/wiki/Giant_(1956_film);False;USD 5400000;USD;5400000;5400000.0;False
The King and I;1956;http://en.wikipedia.org/wiki/The_King_and_I_(1956_film);False;USD 4550000;USD;4550000;4550000.0;False
The Ten Commandments;1956;http://en.wikipedia.org/wiki/The_Ten_Commandments_(1956_film);False;USD 13000000;USD;13000000;0.0;False
The Bridge on the River Kwai;1957;http://en.wikipedia.org/wiki/The_Bridge_on_the_River_Kwai;True;USD 2800000;USD;2800000;2800000.0;False
12 Angry Men;1957;http://en.wikipedia.org/wiki/12_Angry_Men_(1957_film);False;USD 340000;USD;340000;340000.0;False
Peyton Place;1957;http://en.wikipedia.org/wiki/Peyton_Place_(film);False;USD 2200000;USD;2200000;2200000.0;False
Sayonara;1957;http://en.wikipedia.org/wiki/Sayonara;False; 0;;0;0.0;True
Witness for the Prosecution;1957;http://en.wikipedia.org/wiki/Witness_for_the_Prosecution_(1957_film);False;USD 3000000;USD;3000000;3000000.0;False
Gigi;1958;http://en.wikipedia.org/wiki/Gigi_(1958_film);True;USD 3319355;USD;3319355;3319355.0;False
Auntie Mame;1958;http://en.wikipedia.org/wiki/Auntie_Mame_(film);False; 0;;0;0.0;True
Cat on a Hot Tin Roof;1958;http://en.wikipedia.org/wiki/Cat_on_a_Hot_Tin_Roof_(film);False;USD 2345000;USD;2345000;2345000.0;False
The Defiant Ones;1958;http://en.wikipedia.org/wiki/The_Defiant_Ones;False;USD 778000;USD;778000;778000.0;False
Separate Tables;1958;http://en.wikipedia.org/wiki/Separate_Tables_(film);False; 0;;0;0.0;True
Ben-Hur;1959;http://en.wikipedia.org/wiki/Ben-Hur_(1959_film);True;USD 15200000;USD;15200000;0.0;False
Anatomy of a Murder;1959;http://en.wikipedia.org/wiki/Anatomy_of_a_Murder;False; 0;;0;0.0;True
The Diary of Anne Frank;1959;http://en.wikipedia.org/wiki/The_Diary_of_Anne_Frank_(1959_film);False;USD 3800000;USD;3800000;3800000.0;False
The Nun's Story;1959;http://en.wikipedia.org/wiki/The_Nun%27s_Story_(film);False;USD 3500000;USD;3500000;3500000.0;False
Room at the Top;1959;http://en.wikipedia.org/wiki/Room_at_the_Top_(1959_film);False;GBP 280000;GBP;280000;361200.0;False
The Apartment;1960;http://en.wikipedia.org/wiki/The_Apartment;True;USD 3000000;USD;3000000;3000000.0;False
The Alamo;1960;http://en.wikipedia.org/wiki/The_Alamo_(1960_film);False;USD 12000000;USD;12000000;0.0;False
Elmer Gantry;1960;http://en.wikipedia.org/wiki/Elmer_Gantry_(film);False;USD 3000000;USD;3000000;3000000.0;False
Sons and Lovers;1960;http://en.wikipedia.org/wiki/Sons_and_Lovers_(1960_film);False;USD 805000;USD;805000;805000.0;False
The Sundowners;1960;http://en.wikipedia.org/wiki/The_Sundowners;False; 0;;0;0.0;True
West Side Story;1961;http://en.wikipedia.org/wiki/West_Side_Story_(film);True;USD 6000000;USD;6000000;6000000.0;False
Fanny;1961;http://en.wikipedia.org/wiki/Fanny_(1961_film);False; 0;;0;0.0;True
The Guns of Navarone;1961;http://en.wikipedia.org/wiki/The_Guns_of_Navarone_(film);False;USD 6000000;USD;6000000;6000000.0;False
The Hustler;1961;http://en.wikipedia.org/wiki/The_Hustler_(film);False;USD 2125000;USD;2125000;2125000.0;False
Judgment at Nuremberg;1961;http://en.wikipedia.org/wiki/Judgment_at_Nuremberg;False;USD 3000000;USD;3000000;3000000.0;False
Lawrence of Arabia;1962;http://en.wikipedia.org/wiki/Lawrence_of_Arabia_(film);True;USD 15000000;USD;15000000;0.0;False
The Longest Day;1962;http://en.wikipedia.org/wiki/The_Longest_Day_(film);False;USD 7750000;USD;7750000;7750000.0;False
The Music Man;1962;http://en.wikipedia.org/wiki/The_Music_Man_(1962_film);False; 0;;0;0.0;True
Mutiny on the Bounty;1962;http://en.wikipedia.org/wiki/Mutiny_on_the_Bounty_(1962_film);False;USD 19000000;USD;19000000;0.0;False
To Kill a Mockingbird;1962;http://en.wikipedia.org/wiki/To_Kill_a_Mockingbird_(film);False;USD 2000000;USD;2000000;2000000.0;False
Tom Jones;1963;http://en.wikipedia.org/wiki/Tom_Jones_(1963_film);True;USD 1000000;USD;1000000;1000000.0;False
America, America;1963;http://en.wikipedia.org/wiki/America,_America;False; 0;;0;0.0;True
Cleopatra;1963;http://en.wikipedia.org/wiki/Cleopatra_(1963_film);False;USD 31115000;USD;31115000;31115000.0;False
How the West Was Won;1963;http://en.wikipedia.org/wiki/How_the_West_Was_Won_(film);False;USD 14483000;USD;14483000;0.0;False
Lilies of the Field;1963;http://en.wikipedia.org/wiki/Lilies_of_the_Field_(1963_film);False;USD 240000;USD;240000;240000.0;False
My Fair Lady;1964;http://en.wikipedia.org/wiki/My_Fair_Lady_(film);True;USD 17000000;USD;17000000;0.0;False
Becket;1964;http://en.wikipedia.org/wiki/Becket_(1964_film);False;USD 3000000;USD;3000000;3000000.0;False
Dr. Strangelove or: How I Learned to Stop Worrying and Love the Bomb;1964;http://en.wikipedia.org/wiki/Dr._Strangelove;False;USD 1800000;USD;1800000;1800000.0;False
Mary Poppins;1964;http://en.wikipedia.org/wiki/Mary_Poppins_(film);False; 0;;0;0.0;True
Zorba the Greek;1964;http://en.wikipedia.org/wiki/Zorba_the_Greek_(film);False;USD 783000;USD;783000;783000.0;False
The Sound of Music;1965;http://en.wikipedia.org/wiki/The_Sound_of_Music_(film);True;USD 8199999;USD;8199999;8199999.0;False
Darling;1965;http://en.wikipedia.org/wiki/Darling_(1965_film);False;GBP 300000;GBP;300000;387000.0;False
Doctor Zhivago;1965;http://en.wikipedia.org/wiki/Doctor_Zhivago_(film);False;USD 11000000;USD;11000000;0.0;False
Ship of Fools;1965;http://en.wikipedia.org/wiki/Ship_of_Fools_(film);False; 0;;0;0.0;True
A Thousand Clowns;1965;http://en.wikipedia.org/wiki/A_Thousand_Clowns_(film);False; 0;;0;0.0;True
A Man for All Seasons;1966;http://en.wikipedia.org/wiki/A_Man_for_All_Seasons_(1966_film);True;USD 2000000;USD;2000000;2000000.0;False
Alfie;1966;http://en.wikipedia.org/wiki/Alfie_(1966_film);False;USD 800000;USD;800000;800000.0;False
The Russians Are Coming, the Russians Are Coming;1966;http://en.wikipedia.org/wiki/The_Russians_Are_Coming,_the_Russians_Are_Coming;False;USD 3900000;USD;3900000;3900000.0;False
The Sand Pebbles;1966;http://en.wikipedia.org/wiki/The_Sand_Pebbles_(film);False;USD 12110000;USD;12110000;0.0;False
Who's Afraid of Virginia Woolf?;1966;http://en.wikipedia.org/wiki/Who%27s_Afraid_of_Virginia_Woolf%3F_(film);False; 0;;0;0.0;True
In the Heat of the Night;1967;http://en.wikipedia.org/wiki/In_the_Heat_of_the_Night_(film);True;USD 2000000;USD;2000000;2000000.0;False
Bonnie and Clyde;1967;http://en.wikipedia.org/wiki/Bonnie_and_Clyde_(film);False;USD 2500000;USD;2500000;2500000.0;False
Doctor Dolittle;1967;http://en.wikipedia.org/wiki/Doctor_Dolittle_(film);False;USD 17000000;USD;17000000;0.0;False
The Graduate;1967;http://en.wikipedia.org/wiki/The_Graduate;False;USD 3000000;USD;3000000;3000000.0;False
Guess Who's Coming to Dinner;1967;http://en.wikipedia.org/wiki/Guess_Who%27s_Coming_to_Dinner;False;USD 4000000;USD;4000000;4000000.0;False
Oliver!;1968;http://en.wikipedia.org/wiki/Oliver!_(film);True;USD 10000000;USD;10000000;10000000.0;False
Funny Girl;1968;http://en.wikipedia.org/wiki/Funny_Girl_(film);False;USD 14100000;USD;14100000;0.0;False
The Lion in Winter;1968;http://en.wikipedia.org/wiki/The_Lion_in_Winter_(1968_film);False;USD 10000000;USD;10000000;10000000.0;False
Rachel, Rachel;1968;http://en.wikipedia.org/wiki/Rachel,_Rachel;False;USD 780000;USD;780000;780000.0;False
Romeo and Juliet;1968;http://en.wikipedia.org/wiki/Romeo_and_Juliet_(1968_film);False;USD 850000;USD;850000;850000.0;False
Midnight Cowboy;1969;http://en.wikipedia.org/wiki/Midnight_Cowboy;True;USD 3200000;USD;3200000;3200000.0;False
Anne of the Thousand Days;1969;http://en.wikipedia.org/wiki/Anne_of_the_Thousand_Days;False; 0;;0;0.0;True
Butch Cassidy and the Sundance Kid;1969;http://en.wikipedia.org/wiki/Butch_Cassidy_and_the_Sundance_Kid;False;USD 6000000;USD;6000000;6000000.0;False
Hello, Dolly!;1969;http://en.wikipedia.org/wiki/Hello,_Dolly!_(film);False;USD 25000000;USD;25000000;25000000.0;False
Z [K];1969;http://en.wikipedia.org/wiki/Z_(1969_film);False; 0;;0;0.0;True
Patton;1970;http://en.wikipedia.org/wiki/Patton_(film);True;USD 12600000;USD;12600000;0.0;False
Airport;1970;http://en.wikipedia.org/wiki/Airport_(1970_film);False;USD 10200000;USD;10200000;0.0;False
Five Easy Pieces;1970;http://en.wikipedia.org/wiki/Five_Easy_Pieces;False;USD 1600000;USD;1600000;1600000.0;False
Love Story;1970;http://en.wikipedia.org/wiki/Love_Story_(1970_film);False;USD 2200000;USD;2200000;2200000.0;False
MASH;1970;http://en.wikipedia.org/wiki/MASH_(film);False;USD 3025000;USD;3025000;3025000.0;False
The French Connection;1971;http://en.wikipedia.org/wiki/The_French_Connection_(film);True;USD 1800000;USD;1800000;1800000.0;False
A Clockwork Orange;1971;http://en.wikipedia.org/wiki/A_Clockwork_Orange_(film);False;USD 2200000;USD;2200000;2200000.0;False
Fiddler on the Roof;1971;http://en.wikipedia.org/wiki/Fiddler_on_the_Roof_(film);False;USD 9000000;USD;9000000;9000000.0;False
The Last Picture Show;1971;http://en.wikipedia.org/wiki/The_Last_Picture_Show;False;USD 1300000;USD;1300000;1300000.0;False
Nicholas and Alexandra;1971;http://en.wikipedia.org/wiki/Nicholas_and_Alexandra;False; 0;;0;0.0;True
The Godfather;1972;http://en.wikipedia.org/wiki/The_Godfather;True;USD 67000000;USD;67000000;67000000.0;False
Cabaret;1972;http://en.wikipedia.org/wiki/Cabaret_(1972_film);False;USD 2285000;USD;2285000;2285000.0;False
Deliverance;1972;http://en.wikipedia.org/wiki/Deliverance;False;USD 2000000;USD;2000000;2000000.0;False
The Emigrants [K];1972;http://en.wikipedia.org/wiki/The_Emigrants_(film);False;USD 1600000;USD;1600000;1600000.0;False
Sounder;1972;http://en.wikipedia.org/wiki/Sounder_(film);False;USD 900000;USD;900000;900000.0;False
The Sting;1973;http://en.wikipedia.org/wiki/The_Sting;True;USD 5500000;USD;5500000;5500000.0;False
American Graffiti;1973;http://en.wikipedia.org/wiki/American_Graffiti;False;USD 777000;USD;777000;777000.0;False
Cries and Whispers [K];1973;http://en.wikipedia.org/wiki/Cries_and_Whispers;False;USD 400000;USD;400000;400000.0;False
The Exorcist;1973;http://en.wikipedia.org/wiki/The_Exorcist_(film);False;USD 12000000;USD;12000000;0.0;False
A Touch of Class;1973;http://en.wikipedia.org/wiki/A_Touch_of_Class_(film);False; 0;;0;0.0;True
The Godfather Part II  [O];1974;http://en.wikipedia.org/wiki/The_Godfather_Part_II;True;USD 13000000;USD;13000000;0.0;False
Chinatown;1974;http://en.wikipedia.org/wiki/Chinatown_(1974_film);False;USD 6000000;USD;6000000;6000000.0;False
The Conversation;1974;http://en.wikipedia.org/wiki/The_Conversation;False;USD 1600000;USD;1600000;1600000.0;False
Lenny;1974;http://en.wikipedia.org/wiki/Lenny_(film);False; 0;;0;0.0;True
The Towering Inferno;1974;http://en.wikipedia.org/wiki/The_Towering_Inferno;False;USD 14300000;USD;14300000;0.0;False
One Flew Over the Cuckoo's Nest;1975;http://en.wikipedia.org/wiki/One_Flew_Over_the_Cuckoo%27s_Nest_(film);True;USD 3000000;USD;3000000;3000000.0;False
Barry Lyndon;1975;http://en.wikipedia.org/wiki/Barry_Lyndon;False;USD 11000000;USD;11000000;0.0;False
Dog Day Afternoon;1975;http://en.wikipedia.org/wiki/Dog_Day_Afternoon;False;USD 1800000;USD;1800000;1800000.0;False
Jaws;1975;http://en.wikipedia.org/wiki/Jaws_(film);False;USD 9000000;USD;9000000;9000000.0;False
Nashville;1975;http://en.wikipedia.org/wiki/Nashville_(film);False;USD 2200000;USD;2200000;2200000.0;False
Rocky;1976;http://en.wikipedia.org/wiki/Rocky;True;USD 1100000;USD;1100000;1100000.0;False
All the President's Men;1976;http://en.wikipedia.org/wiki/All_the_President%27s_Men_(film);False;USD 8500000;USD;8500000;8500000.0;False
Bound for Glory;1976;http://en.wikipedia.org/wiki/Bound_for_Glory_(film);False; 0;;0;0.0;True
Network;1976;http://en.wikipedia.org/wiki/Network_(film);False;USD 3800000;USD;3800000;3800000.0;False
Taxi Driver;1976;http://en.wikipedia.org/wiki/Taxi_Driver;False;USD 1300000;USD;1300000;1300000.0;False
Annie Hall;1977;http://en.wikipedia.org/wiki/Annie_Hall;True;USD 4000000;USD;4000000;4000000.0;False
The Goodbye Girl;1977;http://en.wikipedia.org/wiki/The_Goodbye_Girl;False; 0;;0;0.0;True
Julia;1977;http://en.wikipedia.org/wiki/Julia_(1977_film);False;USD 7840000;USD;7840000;7840000.0;False
Star Wars;1977;http://en.wikipedia.org/wiki/Star_Wars_(film);False;USD 11000000;USD;11000000;0.0;False
The Turning Point;1977;http://en.wikipedia.org/wiki/The_Turning_Point_(1977_film);False; 0;;0;0.0;True
The Deer Hunter;1978;http://en.wikipedia.org/wiki/The_Deer_Hunter;True;USD 15000000;USD;15000000;0.0;False
Coming Home;1978;http://en.wikipedia.org/wiki/Coming_Home_(1978_film);False;USD 3000000;USD;3000000;3000000.0;False
Heaven Can Wait;1978;http://en.wikipedia.org/wiki/Heaven_Can_Wait_(1978_film);False;USD 15000000;USD;15000000;0.0;False
Midnight Express;1978;http://en.wikipedia.org/wiki/Midnight_Express_(film);False;USD 2300000;USD;2300000;2300000.0;False
An Unmarried Woman;1978;http://en.wikipedia.org/wiki/An_Unmarried_Woman;False;USD 2515000;USD;2515000;2515000.0;False
Kramer vs. Kramer;1979;http://en.wikipedia.org/wiki/Kramer_vs._Kramer;True;USD 8000000;USD;8000000;8000000.0;False
All That Jazz;1979;http://en.wikipedia.org/wiki/All_That_Jazz_(film);False;USD 12000000;USD;12000000;0.0;False
Apocalypse Now;1979;http://en.wikipedia.org/wiki/Apocalypse_Now;False;USD 31500000;USD;31500000;31500000.0;False
Breaking Away;1979;http://en.wikipedia.org/wiki/Breaking_Away;False;USD 2300000;USD;2300000;2300000.0;False
Norma Rae;1979;http://en.wikipedia.org/wiki/Norma_Rae;False;USD 4500000;USD;4500000;4500000.0;False
Ordinary People;1980;http://en.wikipedia.org/wiki/Ordinary_People;True;USD 6000000;USD;6000000;6000000.0;False
Coal Miner's Daughter;1980;http://en.wikipedia.org/wiki/Coal_Miner%27s_Daughter_(film);False;USD 15000000;USD;15000000;0.0;False
The Elephant Man;1980;http://en.wikipedia.org/wiki/The_Elephant_Man_(film);False;USD 5000000;USD;5000000;5000000.0;False
Raging Bull;1980;http://en.wikipedia.org/wiki/Raging_Bull;False;USD 18000000;USD;18000000;0.0;False
Tess;1980;http://en.wikipedia.org/wiki/Tess_(film);False;USD 12000000;USD;12000000;0.0;False
Chariots of Fire;1981;http://en.wikipedia.org/wiki/Chariots_of_Fire;True;GBP 3000000;GBP;3000000;3870000.0;False
Atlantic City;1981;http://en.wikipedia.org/wiki/Atlantic_City_(1980_film);False;USD 7200000;USD;7200000;7200000.0;False
On Golden Pond;1981;http://en.wikipedia.org/wiki/On_Golden_Pond_(1981_film);False;USD 15000000;USD;15000000;0.0;False
Raiders of the Lost Ark;1981;http://en.wikipedia.org/wiki/Raiders_of_the_Lost_Ark;False;USD 18000000;USD;18000000;0.0;False
Reds;1981;http://en.wikipedia.org/wiki/Reds_(film);False;USD 32000000;USD;32000000;32000000.0;False
Gandhi;1982;http://en.wikipedia.org/wiki/Gandhi_(film);True;USD 22000000;USD;22000000;22000000.0;False
E.T. the Extra-Terrestrial;1982;http://en.wikipedia.org/wiki/E.T._the_Extra-Terrestrial;False;USD 10;USD;10;10.0;True
Missing;1982;http://en.wikipedia.org/wiki/Missing_(film);False;USD 5000000;USD;5000000;5000000.0;False
Tootsie;1982;http://en.wikipedia.org/wiki/Tootsie;False;USD 21000000;USD;21000000;21000000.0;False
The Verdict;1982;http://en.wikipedia.org/wiki/The_Verdict;False;USD 16000000;USD;16000000;0.0;False
Terms of Endearment;1983;http://en.wikipedia.org/wiki/Terms_of_Endearment;True;USD 8000000;USD;8000000;8000000.0;False
The Big Chill;1983;http://en.wikipedia.org/wiki/The_Big_Chill_(film);False; 0;;0;0.0;True
The Dresser;1983;http://en.wikipedia.org/wiki/The_Dresser;False; 0;;0;0.0;True
The Right Stuff;1983;http://en.wikipedia.org/wiki/The_Right_Stuff_(film);False;USD 27000000;USD;27000000;27000000.0;False
Tender Mercies;1983;http://en.wikipedia.org/wiki/Tender_Mercies;False;USD 4500000;USD;4500000;4500000.0;False
Amadeus;1984;http://en.wikipedia.org/wiki/Amadeus_(film);True;USD 18000000;USD;18000000;0.0;False
The Killing Fields;1984;http://en.wikipedia.org/wiki/The_Killing_Fields_(film);False;USD 14400000;USD;14400000;0.0;False
A Passage to India;1984;http://en.wikipedia.org/wiki/A_Passage_to_India_(film);False;GBP 17000000;GBP;17000000;21930000.0;False
Places in the Heart;1984;http://en.wikipedia.org/wiki/Places_in_the_Heart;False;USD 9500000;USD;9500000;9500000.0;False
A Soldier's Story;1984;http://en.wikipedia.org/wiki/A_Soldier%27s_Story;False; 0;;0;0.0;True
Out of Africa;1985;http://en.wikipedia.org/wiki/Out_of_Africa_(film);True;USD 28000000;USD;28000000;28000000.0;False
The Color Purple;1985;http://en.wikipedia.org/wiki/The_Color_Purple_(film);False;USD 15000000;USD;15000000;0.0;False
Kiss of the Spider Woman;1985;http://en.wikipedia.org/wiki/Kiss_of_the_Spider_Woman_(film);False; 0;;0;0.0;True
Prizzi's Honor;1985;http://en.wikipedia.org/wiki/Prizzi%27s_Honor;False;USD 16000000;USD;16000000;0.0;False
Witness;1985;http://en.wikipedia.org/wiki/Witness_(1985_film);False;USD 12000000;USD;12000000;0.0;False
Platoon;1986;http://en.wikipedia.org/wiki/Platoon_(film);True;USD 6000000;USD;6000000;6000000.0;False
Children of a Lesser God;1986;http://en.wikipedia.org/wiki/Children_of_a_Lesser_God;False;USD 2000000;USD;2000000;2000000.0;False
Hannah and Her Sisters;1986;http://en.wikipedia.org/wiki/Hannah_and_Her_Sisters;False;USD 6400000;USD;6400000;6400000.0;False
The Mission;1986;http://en.wikipedia.org/wiki/The_Mission_(1986_film);False;GBP 16500000;GBP;16500000;21285000.0;False
A Room with a View;1986;http://en.wikipedia.org/wiki/A_Room_with_a_View_(1986_film);False;GBP 2300000;GBP;2300000;2967000.0;False
The Last Emperor [O];1987;http://en.wikipedia.org/wiki/The_Last_Emperor;True;USD 23800000;USD;23800000;23800000.0;False
Broadcast News;1987;http://en.wikipedia.org/wiki/Broadcast_News_(film);False;USD 15000000;USD;15000000;0.0;False
Fatal Attraction;1987;http://en.wikipedia.org/wiki/Fatal_Attraction;False;USD 14000000;USD;14000000;0.0;False
Hope and Glory;1987;http://en.wikipedia.org/wiki/Hope_and_Glory_(film);False;USD 9300000;USD;9300000;9300000.0;False
Moonstruck;1987;http://en.wikipedia.org/wiki/Moonstruck;False;USD 15000000;USD;15000000;0.0;False
Rain Man;1988;http://en.wikipedia.org/wiki/Rain_Man;True;USD 25000000;USD;25000000;25000000.0;False
The Accidental Tourist;1988;http://en.wikipedia.org/wiki/The_Accidental_Tourist_(film);False; 0;;0;0.0;True
Dangerous Liaisons;1988;http://en.wikipedia.org/wiki/Dangerous_Liaisons;False;USD 14000000;USD;14000000;0.0;False
Mississippi Burning;1988;http://en.wikipedia.org/wiki/Mississippi_Burning;False; 0;;0;0.0;True
Working Girl;1988;http://en.wikipedia.org/wiki/Working_Girl;False;USD 28600000;USD;28600000;28600000.0;False
Driving Miss Daisy;1989;http://en.wikipedia.org/wiki/Driving_Miss_Daisy;True;USD 7500000;USD;7500000;7500000.0;False
Born on the Fourth of July;1989;http://en.wikipedia.org/wiki/Born_on_the_Fourth_of_July_(film);False;USD 14000000;USD;14000000;0.0;False
Dead Poets Society;1989;http://en.wikipedia.org/wiki/Dead_Poets_Society;False;USD 16399999;USD;16399999;0.0;False
Field of Dreams;1989;http://en.wikipedia.org/wiki/Field_of_Dreams;False;USD 15000000;USD;15000000;0.0;False
My Left Foot;1989;http://en.wikipedia.org/wiki/My_Left_Foot;False;GBP 600000;GBP;600000;774000.0;False
Dances with Wolves;1990;http://en.wikipedia.org/wiki/Dances_with_Wolves;True;USD 22000000;USD;22000000;22000000.0;False
Awakenings;1990;http://en.wikipedia.org/wiki/Awakenings;False;USD 31000000;USD;31000000;31000000.0;False
Ghost;1990;http://en.wikipedia.org/wiki/Ghost_(1990_film);False;USD 22000000;USD;22000000;22000000.0;False
The Godfather Part III;1990;http://en.wikipedia.org/wiki/The_Godfather_Part_III;False;USD 54000000;USD;54000000;54000000.0;False
Goodfellas;1990;http://en.wikipedia.org/wiki/Goodfellas;False;USD 25000000;USD;25000000;25000000.0;False
The Silence of the Lambs;1991;http://en.wikipedia.org/wiki/The_Silence_of_the_Lambs_(film);True;USD 19000000;USD;19000000;0.0;False
Beauty and the Beast;1991;http://en.wikipedia.org/wiki/Beauty_and_the_Beast_(1991_film);False;USD 25000000;USD;25000000;25000000.0;False
Bugsy;1991;http://en.wikipedia.org/wiki/Bugsy;False;USD 30000000;USD;30000000;30000000.0;False
JFK;1991;http://en.wikipedia.org/wiki/JFK_(film);False;USD 40000000;USD;40000000;40000000.0;False
The Prince of Tides;1991;http://en.wikipedia.org/wiki/The_Prince_of_Tides;False;USD 30000000;USD;30000000;30000000.0;False
Unforgiven;1992;http://en.wikipedia.org/wiki/Unforgiven;True;USD 14400000;USD;14400000;0.0;False
The Crying Game;1992;http://en.wikipedia.org/wiki/The_Crying_Game;False;GBP 2300000;GBP;2300000;2967000.0;False
A Few Good Men;1992;http://en.wikipedia.org/wiki/A_Few_Good_Men;False;USD 3340000000;USD;3340000000;3340000000.0;True
Howards End;1992;http://en.wikipedia.org/wiki/Howards_End_(film);False;USD 8000000;USD;8000000;8000000.0;False
Scent of a Woman;1992;http://en.wikipedia.org/wiki/Scent_of_a_Woman_(1992_film);False;USD 31000000;USD;31000000;31000000.0;False
Schindler's List;1993;http://en.wikipedia.org/wiki/Schindler%27s_List;True;USD 22000000;USD;22000000;22000000.0;False
The Fugitive;1993;http://en.wikipedia.org/wiki/The_Fugitive_(1993_film);False;USD 44000000;USD;44000000;44000000.0;False
In the Name of the Father;1993;http://en.wikipedia.org/wiki/In_the_Name_of_the_Father_(film);False;USD 13000000;USD;13000000;0.0;False
The Piano;1993;http://en.wikipedia.org/wiki/The_Piano;False;USD 7000000;USD;7000000;7000000.0;False
The Remains of the Day;1993;http://en.wikipedia.org/wiki/The_Remains_of_the_Day_(film);False;USD 15000000;USD;15000000;0.0;False
Forrest Gump;1994;http://en.wikipedia.org/wiki/Forrest_Gump;True;USD 55000000;USD;55000000;55000000.0;False
Four Weddings and a Funeral;1994;http://en.wikipedia.org/wiki/Four_Weddings_and_a_Funeral;False;GBP 2800000;GBP;2800000;3612000.0;False
Pulp Fiction;1994;http://en.wikipedia.org/wiki/Pulp_Fiction;False;USD 88500000;USD;88500000;88500000.0;False
Quiz Show;1994;http://en.wikipedia.org/wiki/Quiz_Show_(film);False;USD 31000000;USD;31000000;31000000.0;False
The Shawshank Redemption;1994;http://en.wikipedia.org/wiki/The_Shawshank_Redemption;False;USD 25000000;USD;25000000;25000000.0;False
Braveheart;1995;http://en.wikipedia.org/wiki/Braveheart;True;USD 72000000;USD;72000000;72000000.0;False
Apollo 13;1995;http://en.wikipedia.org/wiki/Apollo_13_(film);False;USD 52000000;USD;52000000;52000000.0;False
Babe;1995;http://en.wikipedia.org/wiki/Babe_(film);False;USD 30000000;USD;30000000;30000000.0;False
Il Postino: The Postman [K];1995;http://en.wikipedia.org/wiki/Il_Postino:_The_Postman;False;USD 3000000;USD;3000000;3000000.0;False
Sense and Sensibility;1995;http://en.wikipedia.org/wiki/Sense_and_Sensibility_(film);False;USD 16000000;USD;16000000;0.0;False
The English Patient;1996;http://en.wikipedia.org/wiki/The_English_Patient_(film);True;USD 27000000;USD;27000000;27000000.0;False
Fargo;1996;http://en.wikipedia.org/wiki/Fargo_(film);False;USD 7000000;USD;7000000;7000000.0;False
Jerry Maguire;1996;http://en.wikipedia.org/wiki/Jerry_Maguire;False;USD 50000000;USD;50000000;50000000.0;False
Secrets & Lies;1996;http://en.wikipedia.org/wiki/Secrets_%26_Lies_(film);False; 0;;0;0.0;True
Shine;1996;http://en.wikipedia.org/wiki/Shine_(film);False;USD 6000000;USD;6000000;6000000.0;False
Titanic;1997;http://en.wikipedia.org/wiki/Titanic_(1997_film);True;USD 200000000;USD;200000000;200000000.0;False
As Good as It Gets;1997;http://en.wikipedia.org/wiki/As_Good_as_It_Gets;False;USD 50000000;USD;50000000;50000000.0;False
The Full Monty;1997;http://en.wikipedia.org/wiki/The_Full_Monty;False;GBP 3000000;GBP;3000000;3870000.0;False
Good Will Hunting;1997;http://en.wikipedia.org/wiki/Good_Will_Hunting;False;USD 10000000;USD;10000000;10000000.0;False
L.A. Confidential;1997;http://en.wikipedia.org/wiki/L.A._Confidential_(film);False;USD 35000000;USD;35000000;35000000.0;False
Shakespeare in Love;1998;http://en.wikipedia.org/wiki/Shakespeare_in_Love;True;USD 25000000;USD;25000000;25000000.0;False
Elizabeth;1998;http://en.wikipedia.org/wiki/Elizabeth_(film);False;USD 30000000;USD;30000000;30000000.0;False
Life Is Beautiful [K];1998;http://en.wikipedia.org/wiki/Life_Is_Beautiful;False;USD 20000000;USD;20000000;20000000.0;False
Saving Private Ryan;1998;http://en.wikipedia.org/wiki/Saving_Private_Ryan;False;USD 70000000;USD;70000000;70000000.0;False
The Thin Red Line;1998;http://en.wikipedia.org/wiki/The_Thin_Red_Line_(1998_film);False;USD 52000000;USD;52000000;52000000.0;False
American Beauty;1999;http://en.wikipedia.org/wiki/American_Beauty_(1999_film);True;USD 15000000;USD;15000000;0.0;False
The Cider House Rules;1999;http://en.wikipedia.org/wiki/The_Cider_House_Rules_(film);False;USD 24000000;USD;24000000;24000000.0;False
The Green Mile;1999;http://en.wikipedia.org/wiki/The_Green_Mile_(film);False;USD 60000000;USD;60000000;60000000.0;False
The Insider;1999;http://en.wikipedia.org/wiki/The_Insider_(film);False;USD 90000000;USD;90000000;90000000.0;False
The Sixth Sense;1999;http://en.wikipedia.org/wiki/The_Sixth_Sense;False;USD 40000000;USD;40000000;40000000.0;False
Gladiator;2000;http://en.wikipedia.org/wiki/Gladiator_(2000_film);True;USD 103000000;USD;103000000;103000000.0;False
Chocolat;2000;http://en.wikipedia.org/wiki/Chocolat_(2000_film);False;USD 25000000;USD;25000000;25000000.0;False
Crouching Tiger, Hidden Dragon [K];2000;http://en.wikipedia.org/wiki/Crouching_Tiger,_Hidden_Dragon;False;USD 17000000;USD;17000000;0.0;False
Erin Brockovich;2000;http://en.wikipedia.org/wiki/Erin_Brockovich_(film);False;USD 51000000;USD;51000000;51000000.0;False
Traffic;2000;http://en.wikipedia.org/wiki/Traffic_(2000_film);False;USD 46000000;USD;46000000;46000000.0;False
A Beautiful Mind;2001;http://en.wikipedia.org/wiki/A_Beautiful_Mind_(film);True;USD 58000000;USD;58000000;58000000.0;False
Gosford Park;2001;http://en.wikipedia.org/wiki/Gosford_Park;False;USD 19800000;USD;19800000;0.0;False
In the Bedroom;2001;http://en.wikipedia.org/wiki/In_the_Bedroom;False;USD 1700000;USD;1700000;1700000.0;False
The Lord of the Rings: The Fellowship of the Ring;2001;http://en.wikipedia.org/wiki/The_Lord_of_the_Rings:_The_Fellowship_of_the_Ring;False;USD 93000000;USD;93000000;93000000.0;False
Moulin Rouge!;2001;http://en.wikipedia.org/wiki/Moulin_Rouge!;False;USD 52000000;USD;52000000;52000000.0;False
Chicago;2002;http://en.wikipedia.org/wiki/Chicago_(2002_film);True;USD 45000000;USD;45000000;45000000.0;False
Gangs of New York;2002;http://en.wikipedia.org/wiki/Gangs_of_New_York;False;USD 97100000000;USD;97100000000;97100000000.0;True
The Hours;2002;http://en.wikipedia.org/wiki/The_Hours_(film);False;USD 25000000;USD;25000000;25000000.0;False
The Lord of the Rings: The Two Towers;2002;http://en.wikipedia.org/wiki/The_Lord_of_the_Rings:_The_Two_Towers;False;USD 94000000;USD;94000000;94000000.0;False
The Pianist;2002;http://en.wikipedia.org/wiki/The_Pianist_(2002_film);False;USD 35000000;USD;35000000;35000000.0;False
The Lord of the Rings: The Return of the King;2003;http://en.wikipedia.org/wiki/The_Lord_of_the_Rings:_The_Return_of_the_King;True;USD 94000000;USD;94000000;94000000.0;False
Lost in Translation;2003;http://en.wikipedia.org/wiki/Lost_in_Translation_(film);False;USD 4000000;USD;4000000;4000000.0;False
Master and Commander: The Far Side of the World;2003;http://en.wikipedia.org/wiki/Master_and_Commander:_The_Far_Side_of_the_World;False;USD 150000000;USD;150000000;150000000.0;False
Mystic River;2003;http://en.wikipedia.org/wiki/Mystic_River_(film);False;USD 30000000;USD;30000000;30000000.0;False
Seabiscuit;2003;http://en.wikipedia.org/wiki/Seabiscuit_(film);False;USD 87000000;USD;87000000;87000000.0;False
Million Dollar Baby;2004;http://en.wikipedia.org/wiki/Million_Dollar_Baby;True;USD 30000000;USD;30000000;30000000.0;False
The Aviator;2004;http://en.wikipedia.org/wiki/The_Aviator_(2004_film);False;USD 110000000;USD;110000000;110000000.0;False
Finding Neverland;2004;http://en.wikipedia.org/wiki/Finding_Neverland_(film);False;USD 25000000;USD;25000000;25000000.0;False
Ray;2004;http://en.wikipedia.org/wiki/Ray_(film);False;USD 40000000;USD;40000000;40000000.0;False
Sideways;2004;http://en.wikipedia.org/wiki/Sideways;False;USD 16000000;USD;16000000;0.0;False
Crash;2005;http://en.wikipedia.org/wiki/Crash_(2004_film);True;USD 6500000;USD;6500000;6500000.0;False
Brokeback Mountain;2005;http://en.wikipedia.org/wiki/Brokeback_Mountain;False;USD 14000000;USD;14000000;0.0;False
Capote;2005;http://en.wikipedia.org/wiki/Capote_(film);False;USD 7000000;USD;7000000;7000000.0;False
Good Night, and Good Luck;2005;http://en.wikipedia.org/wiki/Good_Night,_and_Good_Luck;False;USD 7000000;USD;7000000;7000000.0;False
Munich;2005;http://en.wikipedia.org/wiki/Munich_(film);False;USD 70000000;USD;70000000;70000000.0;False
The Departed;2006;http://en.wikipedia.org/wiki/The_Departed;True;USD 90000000;USD;90000000;90000000.0;False
Babel;2006;http://en.wikipedia.org/wiki/Babel_(film);False;USD 25000000;USD;25000000;25000000.0;False
Letters from Iwo Jima [K];2006;http://en.wikipedia.org/wiki/Letters_from_Iwo_Jima;False;USD 19000000;USD;19000000;0.0;False
Little Miss Sunshine;2006;http://en.wikipedia.org/wiki/Little_Miss_Sunshine;False;USD 8000000;USD;8000000;8000000.0;False
The Queen;2006;http://en.wikipedia.org/wiki/The_Queen_(film);False;GBP 9800000;GBP;9800000;0.0;False
No Country for Old Men;2007;http://en.wikipedia.org/wiki/No_Country_for_Old_Men_(film);True;USD 25000000;USD;25000000;25000000.0;False
Atonement;2007;http://en.wikipedia.org/wiki/Atonement_(film);False;USD 30000000;USD;30000000;30000000.0;False
Juno;2007;http://en.wikipedia.org/wiki/Juno_(film);False;USD 6500000;USD;6500000;6500000.0;False
Michael Clayton;2007;http://en.wikipedia.org/wiki/Michael_Clayton_(film);False;USD 25000000;USD;25000000;25000000.0;False
There Will Be Blood;2007;http://en.wikipedia.org/wiki/There_Will_Be_Blood;False;USD 25000000;USD;25000000;25000000.0;False
Slumdog Millionaire [O];2008;http://en.wikipedia.org/wiki/Slumdog_Millionaire;True;USD 15000000;USD;15000000;0.0;False
The Curious Case of Benjamin Button;2008;http://en.wikipedia.org/wiki/The_Curious_Case_of_Benjamin_Button_(film);False;USD 150000000;USD;150000000;150000000.0;False
Frost/Nixon;2008;http://en.wikipedia.org/wiki/Frost/Nixon_(film);False;USD 25000000;USD;25000000;25000000.0;False
Milk;2008;http://en.wikipedia.org/wiki/Milk_(film);False;USD 20000000;USD;20000000;20000000.0;False
The Reader;2008;http://en.wikipedia.org/wiki/The_Reader_(2008_film);False;USD 32000000;USD;32000000;32000000.0;False
The Hurt Locker;2009;http://en.wikipedia.org/wiki/The_Hurt_Locker;True;USD 15000000;USD;15000000;0.0;False
Avatar;2009;http://en.wikipedia.org/wiki/Avatar_(2009_film);False;USD 237000000;USD;237000000;237000000.0;False
The Blind Side;2009;http://en.wikipedia.org/wiki/The_Blind_Side_(film);False;USD 29000000;USD;29000000;29000000.0;False
District 9;2009;http://en.wikipedia.org/wiki/District_9;False;USD 30000000;USD;30000000;30000000.0;False
An Education;2009;http://en.wikipedia.org/wiki/An_Education;False;USD 7500000;USD;7500000;7500000.0;False
Inglourious Basterds;2009;http://en.wikipedia.org/wiki/Inglourious_Basterds;False;USD 70000000;USD;70000000;70000000.0;False
"Precious: Based on the Novel ""Push"" by Sapphire";2009;http://en.wikipedia.org/wiki/Precious_(film);False;USD 10000000;USD;10000000;10000000.0;False
A Serious Man;2009;http://en.wikipedia.org/wiki/A_Serious_Man;False;USD 7000000;USD;7000000;7000000.0;False
Up;2009;http://en.wikipedia.org/wiki/Up_(2009_film);False;USD 175000000;USD;175000000;175000000.0;False
Up in the Air;2009;http://en.wikipedia.org/wiki/Up_in_the_Air_(2009_film);False;USD 25000000;USD;25000000;25000000.0;False
The King's Speech;2010;http://en.wikipedia.org/wiki/The_King%27s_Speech;True;USD 15000000;USD;15000000;0.0;False
127 Hours;2010;http://en.wikipedia.org/wiki/127_Hours;False;USD 18000000;USD;18000000;0.0;False
Black Swan;2010;http://en.wikipedia.org/wiki/Black_Swan_(film);False;USD 13000000;USD;13000000;0.0;False
The Fighter;2010;http://en.wikipedia.org/wiki/The_Fighter;False;USD 25000000;USD;25000000;25000000.0;False
Inception;2010;http://en.wikipedia.org/wiki/Inception;False;USD 160000000;USD;160000000;160000000.0;False
The Kids Are All Right;2010;http://en.wikipedia.org/wiki/The_Kids_Are_All_Right_(film);False;USD 4000000;USD;4000000;4000000.0;False
The Social Network;2010;http://en.wikipedia.org/wiki/The_Social_Network;False;USD 40000000;USD;40000000;40000000.0;False
Toy Story 3;2010;http://en.wikipedia.org/wiki/Toy_Story_3;False;USD 200000000;USD;200000000;200000000.0;False
True Grit;2010;http://en.wikipedia.org/wiki/True_Grit_(2010_film);False;USD 38000000;USD;38000000;38000000.0;False
Winter's Bone;2010;http://en.wikipedia.org/wiki/Winter%27s_Bone;False;USD 2000000;USD;2000000;2000000.0;False
The Artist;2011;http://en.wikipedia.org/wiki/The_Artist_(film);True;USD 15000000;USD;15000000;0.0;False
The Descendants;2011;http://en.wikipedia.org/wiki/The_Descendants;False;USD 20000000;USD;20000000;20000000.0;False
Extremely Loud and Incredibly Close;2011;http://en.wikipedia.org/wiki/Extremely_Loud_and_Incredibly_Close_(film);False;USD 40000000;USD;40000000;40000000.0;False
The Help;2011;http://en.wikipedia.org/wiki/The_Help_(film);False;USD 25000000;USD;25000000;25000000.0;False
Hugo;2011;http://en.wikipedia.org/wiki/Hugo_(film);False;USD 150170000000;USD;150170000000;150170000000.0;True
Midnight in Paris;2011;http://en.wikipedia.org/wiki/Midnight_in_Paris;False;USD 17000000;USD;17000000;0.0;False
Moneyball;2011;http://en.wikipedia.org/wiki/Moneyball_(film);False;USD 50000000;USD;50000000;50000000.0;False
The Tree of Life;2011;http://en.wikipedia.org/wiki/The_Tree_of_Life_(film);False;USD 32000000;USD;32000000;32000000.0;False
War Horse;2011;http://en.wikipedia.org/wiki/War_Horse_(film);False;USD 66000000;USD;66000000;66000000.0;False
Argo;2012;http://en.wikipedia.org/wiki/Argo_(2012_film);True;USD 44500000;USD;44500000;44500000.0;False
Amour [K];2012;http://en.wikipedia.org/wiki/Amour_(2012_film);False;USD 8900000;USD;8900000;8900000.0;False
Beasts of the Southern Wild;2012;http://en.wikipedia.org/wiki/Beasts_of_the_Southern_Wild;False;USD 1800000;USD;1800000;1800000.0;False
Django Unchained;2012;http://en.wikipedia.org/wiki/Django_Unchained;False;USD 100000000;USD;100000000;100000000.0;False
Les Mis√©rables;2012;http://en.wikipedia.org/wiki/Les_Mis%C3%A9rables_(2012_film);False; 0;;0;0.0;True
Life of Pi;2012;http://en.wikipedia.org/wiki/Life_of_Pi_(film);False;USD 120000000;USD;120000000;120000000.0;False
Lincoln;2012;http://en.wikipedia.org/wiki/Lincoln_(2012_film);False;USD 65000000;USD;65000000;65000000.0;False
Silver Linings Playbook;2012;http://en.wikipedia.org/wiki/Silver_Linings_Playbook;False;USD 21000000;USD;21000000;21000000.0;False
Zero Dark Thirty;2012;http://en.wikipedia.org/wiki/Zero_Dark_Thirty;False;USD 40000000;USD;40000000;40000000.0;False
12 Years a Slave;2013;http://en.wikipedia.org/wiki/12_Years_a_Slave_(film);True;USD 22000000;USD;22000000;22000000.0;False
American Hustle;2013;http://en.wikipedia.org/wiki/American_Hustle;False;USD 40000000;USD;40000000;40000000.0;False
Captain Phillips;2013;http://en.wikipedia.org/wiki/Captain_Phillips_(film);False;USD 55000000;USD;55000000;55000000.0;False
Dallas Buyers Club;2013;http://en.wikipedia.org/wiki/Dallas_Buyers_Club;False;USD 5000000;USD;5000000;5000000.0;False
Gravity;2013;http://en.wikipedia.org/wiki/Gravity_(film);False;USD 100000000;USD;100000000;100000000.0;False
Her;2013;http://en.wikipedia.org/wiki/Her_(film);False;USD 23000000;USD;23000000;23000000.0;False
Nebraska;2013;http://en.wikipedia.org/wiki/Nebraska_(film);False;USD 12000000;USD;12000000;0.0;False
Philomena;2013;http://en.wikipedia.org/wiki/Philomena_(film);False;USD 12000000;USD;12000000;0.0;False
The Wolf of Wall Street;2013;http://en.wikipedia.org/wiki/The_Wolf_of_Wall_Street_(2013_film);False;USD 100000000;USD;100000000;100000000.0;False
Birdman or (The Unexpected Virtue of Ignorance);2014;http://en.wikipedia.org/wiki/Birdman_(film);True;USD 16518000;USD;16518000;0.0;False
American Sniper;2014;http://en.wikipedia.org/wiki/American_Sniper;False;USD 58800000;USD;58800000;58800000.0;False
Boyhood;2014;http://en.wikipedia.org/wiki/Boyhood_(film);False;USD 4000000;USD;4000000;4000000.0;False
The Grand Budapest Hotel;2014;http://en.wikipedia.org/wiki/The_Grand_Budapest_Hotel;False;EUR 23000000;EUR;23000000;25300000.000000004;False
The Imitation Game;2014;http://en.wikipedia.org/wiki/The_Imitation_Game;False;USD 14000000;USD;14000000;0.0;False
Selma;2014;http://en.wikipedia.org/wiki/Selma_(film);False;USD 20000000;USD;20000000;20000000.0;False
The Theory of Everything;2014;http://en.wikipedia.org/wiki/The_Theory_of_Everything_(2014_film);False;USD 15000000;USD;15000000;0.0;False
Whiplash;2014;http://en.wikipedia.org/wiki/Whiplash_(2014_film);False;USD 3300000;USD;3300000;3300000.0;False
