film;year;wikipedia_url;Oscar winner;original budget;budget converted to USD
Wings;1927 / 28 [A]  (1st);http://en.wikipedia.org/wiki/Wings_(1927_film);True;US$ 2 million [ 4 ];0.0
The Racket;1927 / 28 [A]  (1st);http://en.wikipedia.org/wiki/The_Racket_(1928_film);False;;0.0
Seventh Heaven;1927 / 28 [A]  (1st);http://en.wikipedia.org/wiki/Seventh_Heaven_(1927_film);False;$1.3 million [ 1 ];0.0
The Broadway Melody;1928 / 29  (2nd);http://en.wikipedia.org/wiki/The_Broadway_Melody;True;;0.0
Alibi;1928 / 29  (2nd);http://en.wikipedia.org/wiki/Alibi_(1929_film);False;;0.0
Hollywood Revue;1928 / 29  (2nd);http://en.wikipedia.org/wiki/The_Hollywood_Revue_of_1929;False;US$426,000 [ 2 ];0.0
In Old Arizona;1928 / 29  (2nd);http://en.wikipedia.org/wiki/In_Old_Arizona;False;;0.0
The Patriot;1928 / 29  (2nd);http://en.wikipedia.org/wiki/The_Patriot_(1928_film);False;$1 million;0.0
All Quiet on the Western Front;1929 / 30 [B]  (3rd);http://en.wikipedia.org/wiki/All_Quiet_on_the_Western_Front_(1930_film);True;$1.2 million [ 2 ];0.0
The Big House;1929 / 30 [B]  (3rd);http://en.wikipedia.org/wiki/The_Big_House_(1930_film);False;;0.0
Disraeli;1929 / 30 [B]  (3rd);http://en.wikipedia.org/wiki/Disraeli_(1929_film);False;;0.0
The Divorcee;1929 / 30 [B]  (3rd);http://en.wikipedia.org/wiki/The_Divorcee;False;;0.0
The Love Parade;1929 / 30 [B]  (3rd);http://en.wikipedia.org/wiki/The_Love_Parade;False;;0.0
Cimarron;1930 / 31  (4th);http://en.wikipedia.org/wiki/Cimarron_(1931_film);True;$1,433,000 [ 2 ];0.0
East Lynne;1930 / 31  (4th);http://en.wikipedia.org/wiki/East_Lynne_(1931_film);False;;0.0
The Front Page;1930 / 31  (4th);http://en.wikipedia.org/wiki/The_Front_Page_(1931_film);False;;0.0
Skippy;1930 / 31  (4th);http://en.wikipedia.org/wiki/Skippy_(1931_film);False;;0.0
Trader Horn;1930 / 31  (4th);http://en.wikipedia.org/wiki/Trader_Horn_(1931_film);False;$1.3 million [ 1 ];0.0
Grand Hotel;1931 / 32  (5th);http://en.wikipedia.org/wiki/Grand_Hotel_(film);True;$750,000 [ 1 ];0.0
Arrowsmith;1931 / 32  (5th);http://en.wikipedia.org/wiki/Arrowsmith_(film);False;;0.0
Bad Girl;1931 / 32  (5th);http://en.wikipedia.org/wiki/Bad_Girl_(1931_film);False;;0.0
The Champ;1931 / 32  (5th);http://en.wikipedia.org/wiki/The_Champ_(1931_film);False;;0.0
Five Star Final;1931 / 32  (5th);http://en.wikipedia.org/wiki/Five_Star_Final;False;;0.0
One Hour with You;1931 / 32  (5th);http://en.wikipedia.org/wiki/One_Hour_with_You;False;;0.0
Shanghai Express;1931 / 32  (5th);http://en.wikipedia.org/wiki/Shanghai_Express_(film);False;;0.0
The Smiling Lieutenant;1931 / 32  (5th);http://en.wikipedia.org/wiki/The_Smiling_Lieutenant;False;;0.0
Cavalcade  [H];1932 / 33  (6th);http://en.wikipedia.org/wiki/Cavalcade_(1933_film);True;$1,180,280;0.0
42nd Street;1932 / 33  (6th);http://en.wikipedia.org/wiki/42nd_Street_(film);False;$439,000 (est.);0.0
A Farewell to Arms [H];1932 / 33  (6th);http://en.wikipedia.org/wiki/A_Farewell_to_Arms_(1932_film);False;$900,000 [ 1 ];0.0
I Am a Fugitive from a Chain Gang;1932 / 33  (6th);http://en.wikipedia.org/wiki/I_Am_a_Fugitive_from_a_Chain_Gang;False;;0.0
Lady for a Day;1932 / 33  (6th);http://en.wikipedia.org/wiki/Lady_for_a_Day;False;$300,000;0.0
Little Women [H];1932 / 33  (6th);http://en.wikipedia.org/wiki/Little_Women_(1933_film);False;$424,000 [ 1 ];0.0
The Private Life of Henry VIII;1932 / 33  (6th);http://en.wikipedia.org/wiki/The_Private_Life_of_Henry_VIII;False;£65,000 [ 1 ];0.0
She Done Him Wrong;1932 / 33  (6th);http://en.wikipedia.org/wiki/She_Done_Him_Wrong;False;$200,000 [ 1 ];0.0
Smilin' Through;1932 / 33  (6th);http://en.wikipedia.org/wiki/Smilin%27_Through_(1932_film);False;$851,000 [ 1 ];0.0
State Fair;1932 / 33  (6th);http://en.wikipedia.org/wiki/State_Fair_(1933_film);False;$600,000 [ 1 ];0.0
It Happened One Night  [I];1934  (7th);http://en.wikipedia.org/wiki/It_Happened_One_Night;True;$325,000 [ 2 ];0.0
The Barretts of Wimpole Street [I];1934  (7th);http://en.wikipedia.org/wiki/The_Barretts_of_Wimpole_Street_(1934_film);False;$820,000 [ 1 ];0.0
Cleopatra;1934  (7th);http://en.wikipedia.org/wiki/Cleopatra_(1934_film);False;;0.0
Flirtation Walk;1934  (7th);http://en.wikipedia.org/wiki/Flirtation_Walk;False;;0.0
The Gay Divorcee;1934  (7th);http://en.wikipedia.org/wiki/The_Gay_Divorcee;False;$520,000 [ 1 ];0.0
Here Comes the Navy;1934  (7th);http://en.wikipedia.org/wiki/Here_Comes_the_Navy;False;;0.0
The House of Rothschild [I];1934  (7th);http://en.wikipedia.org/wiki/The_House_of_Rothschild;False;;0.0
Imitation of Life;1934  (7th);http://en.wikipedia.org/wiki/Imitation_of_Life_(1934_film);False;;0.0
One Night of Love;1934  (7th);http://en.wikipedia.org/wiki/One_Night_of_Love;False;;0.0
The Thin Man;1934  (7th);http://en.wikipedia.org/wiki/The_Thin_Man_(film);False;$226,408;0.0
Viva Villa!;1934  (7th);http://en.wikipedia.org/wiki/Viva_Villa!;False;$1,022,000 [ 1 ];0.0
The White Parade;1934  (7th);http://en.wikipedia.org/wiki/The_White_Parade;False;;0.0
Mutiny on the Bounty  [J];1935  (8th);http://en.wikipedia.org/wiki/Mutiny_on_the_Bounty_(1935_film);True;$1,950,000 [ 2 ];0.0
Alice Adams;1935  (8th);http://en.wikipedia.org/wiki/Alice_Adams_(film);False;$342,000 [ 2 ];0.0
Broadway Melody of 1936;1935  (8th);http://en.wikipedia.org/wiki/Broadway_Melody_of_1936;False;$1,062,000 [ 2 ];0.0
Captain Blood [J];1935  (8th);http://en.wikipedia.org/wiki/Captain_Blood_(1935_film);False;$1,000,000 (estimated);0.0
David Copperfield;1935  (8th);http://en.wikipedia.org/wiki/Personal_History,_Adventures,_Experience,_and_Observation_of_David_Copperfield_the_Younger_(1935);False;$1,073,000 [ 1 ] [ 2 ];0.0
The Informer [J];1935  (8th);http://en.wikipedia.org/wiki/The_Informer_(1935_film);False;$243,000 [ 1 ];0.0
The Lives of a Bengal Lancer;1935  (8th);http://en.wikipedia.org/wiki/The_Lives_of_a_Bengal_Lancer_(film);False;;0.0
A Midsummer Night's Dream;1935  (8th);http://en.wikipedia.org/wiki/A_Midsummer_Night%27s_Dream_(1935_film);False;$981,000 [ 1 ];0.0
Les Misérables;1935  (8th);http://en.wikipedia.org/wiki/Les_Mis%C3%A9rables_(1935_film);False;0.0;0.0
Naughty Marietta;1935  (8th);http://en.wikipedia.org/wiki/Naughty_Marietta_(film);False;$782,000 [ 1 ];0.0
Ruggles of Red Gap;1935  (8th);http://en.wikipedia.org/wiki/Ruggles_of_Red_Gap;False;;0.0
Top Hat;1935  (8th);http://en.wikipedia.org/wiki/Top_Hat;False;$ 609,000 [ 4 ];0.0
The Great Ziegfeld;1936  (9th);http://en.wikipedia.org/wiki/The_Great_Ziegfeld;True;$2.183 million [ 3 ];0.0
Anthony Adverse;1936  (9th);http://en.wikipedia.org/wiki/Anthony_Adverse;False;;0.0
Dodsworth;1936  (9th);http://en.wikipedia.org/wiki/Dodsworth_(film);False;;0.0
Libeled Lady;1936  (9th);http://en.wikipedia.org/wiki/Libeled_Lady;False;$603,000 [ 1 ];0.0
Mr. Deeds Goes to Town;1936  (9th);http://en.wikipedia.org/wiki/Mr._Deeds_Goes_to_Town;False;$845,710;0.0
Romeo and Juliet;1936  (9th);http://en.wikipedia.org/wiki/Romeo_and_Juliet_(1936_film);False;$2,066,000 [ 1 ] [ 2 ];0.0
San Francisco;1936  (9th);http://en.wikipedia.org/wiki/San_Francisco_(1936_film);False;$1,300,000 [ 1 ] [ 2 ];0.0
The Story of Louis Pasteur;1936  (9th);http://en.wikipedia.org/wiki/The_Story_of_Louis_Pasteur;False;;0.0
A Tale of Two Cities;1936  (9th);http://en.wikipedia.org/wiki/A_Tale_of_Two_Cities_(1935_film);False;$1,232,000 [ 1 ];0.0
Three Smart Girls;1936  (9th);http://en.wikipedia.org/wiki/Three_Smart_Girls;False;;0.0
The Life of Emile Zola;1937  (10th);http://en.wikipedia.org/wiki/The_Life_of_Emile_Zola;True;;0.0
The Awful Truth;1937  (10th);http://en.wikipedia.org/wiki/The_Awful_Truth;False;;0.0
Captains Courageous;1937  (10th);http://en.wikipedia.org/wiki/Captains_Courageous_(1937_film);False;$1,645,000 [ 1 ];0.0
Dead End;1937  (10th);http://en.wikipedia.org/wiki/Dead_End_(1937_film);False;$900,000 (est);0.0
The Good Earth;1937  (10th);http://en.wikipedia.org/wiki/The_Good_Earth_(film);False;$2,816,000 [ 2 ];0.0
In Old Chicago;1937  (10th);http://en.wikipedia.org/wiki/In_Old_Chicago;False;;0.0
Lost Horizon;1937  (10th);http://en.wikipedia.org/wiki/Lost_Horizon_(1937_film);False;$2 million [ 1 ];0.0
One Hundred Men and a Girl;1937  (10th);http://en.wikipedia.org/wiki/One_Hundred_Men_and_a_Girl;False;;0.0
Stage Door;1937  (10th);http://en.wikipedia.org/wiki/Stage_Door;False;$952,000 [ 2 ];0.0
A Star Is Born;1937  (10th);http://en.wikipedia.org/wiki/A_Star_Is_Born_(1937_film);False;$1.2 million [ 2 ];0.0
You Can't Take It With You;1938  (11th);http://en.wikipedia.org/wiki/You_Can%27t_Take_It_With_You_(film);True;US$1,644,736 (est.);0.0
The Adventures of Robin Hood;1938  (11th);http://en.wikipedia.org/wiki/The_Adventures_of_Robin_Hood_(film);False;$2.033 million [ 1 ];0.0
Alexander's Ragtime Band;1938  (11th);http://en.wikipedia.org/wiki/Alexander%27s_Ragtime_Band_(film);False;$1,200,000–$2,275,000 [ 1 ];0.0
Boys Town;1938  (11th);http://en.wikipedia.org/wiki/Boys_Town_(1938_film);False;$772,000 [ 1 ];0.0
The Citadel;1938  (11th);http://en.wikipedia.org/wiki/The_Citadel_(film);False;$1,012,000;0.0
Four Daughters;1938  (11th);http://en.wikipedia.org/wiki/Four_Daughters;False;;0.0
Grand Illusion  [K];1938  (11th);http://en.wikipedia.org/wiki/Grand_Illusion_(film);False;;0.0
Jezebel;1938  (11th);http://en.wikipedia.org/wiki/Jezebel_(film);False;$1.25 million;0.0
Pygmalion;1938  (11th);http://en.wikipedia.org/wiki/Pygmalion_(1938_film);False;£87,000 [ 1 ];0.0
Test Pilot;1938  (11th);http://en.wikipedia.org/wiki/Test_Pilot_(film);False;$1,701,000 [ 2 ];0.0
Gone with the Wind;1939  (12th);http://en.wikipedia.org/wiki/Gone_with_the_Wind_(film);True;$3.85 million;0.0
Dark Victory;1939  (12th);http://en.wikipedia.org/wiki/Dark_Victory;False;;0.0
Goodbye, Mr. Chips;1939  (12th);http://en.wikipedia.org/wiki/Goodbye,_Mr._Chips_(1939_film);False;$1,051,000 [ 1 ];0.0
Love Affair;1939  (12th);http://en.wikipedia.org/wiki/Love_Affair_(1939_film);False;$860,000 [ 2 ];0.0
Mr. Smith Goes to Washington;1939  (12th);http://en.wikipedia.org/wiki/Mr._Smith_Goes_to_Washington;False;$1.5 million;0.0
Ninotchka;1939  (12th);http://en.wikipedia.org/wiki/Ninotchka;False;$1,365,000 (est.);0.0
Of Mice and Men;1939  (12th);http://en.wikipedia.org/wiki/Of_Mice_and_Men_(1939_film);False;;0.0
Stagecoach;1939  (12th);http://en.wikipedia.org/wiki/Stagecoach_(1939_film);False;$531,374 [ 1 ];0.0
The Wizard of Oz;1939  (12th);http://en.wikipedia.org/wiki/The_Wizard_of_Oz_(1939_film);False;$2,777,000 [ 1 ];0.0
Wuthering Heights;1939  (12th);http://en.wikipedia.org/wiki/Wuthering_Heights_(1939_film);False;;0.0
Rebecca;1940  (13th);http://en.wikipedia.org/wiki/Rebecca_(1940_film);True;$1,288,000 [ 1 ];0.0
All This, and Heaven Too;1940  (13th);http://en.wikipedia.org/wiki/All_This,_and_Heaven_Too;False;;0.0
Foreign Correspondent;1940  (13th);http://en.wikipedia.org/wiki/Foreign_Correspondent_(film);False;$1,484,167 [ 1 ];0.0
The Grapes of Wrath;1940  (13th);http://en.wikipedia.org/wiki/The_Grapes_of_Wrath_(film);False;$800,000 [ 1 ];0.0
The Great Dictator;1940  (13th);http://en.wikipedia.org/wiki/The_Great_Dictator;False;$2,000,000;0.0
Kitty Foyle;1940  (13th);http://en.wikipedia.org/wiki/Kitty_Foyle_(film);False;$738,000 [ 1 ];0.0
The Letter;1940  (13th);http://en.wikipedia.org/wiki/The_Letter_(1940_film);False;;0.0
The Long Voyage Home;1940  (13th);http://en.wikipedia.org/wiki/The_Long_Voyage_Home;False;$682,495 [ 1 ];0.0
Our Town;1940  (13th);http://en.wikipedia.org/wiki/Our_Town_(1940_film);False;;0.0
The Philadelphia Story;1940  (13th);http://en.wikipedia.org/wiki/The_Philadelphia_Story_(film);False;$914,000 [ 1 ];0.0
How Green Was My Valley;1941 [C]  (14th);http://en.wikipedia.org/wiki/How_Green_Was_My_Valley_(film);True;$800,000 [ 1 ];0.0
Blossoms in the Dust;1941 [C]  (14th);http://en.wikipedia.org/wiki/Blossoms_in_the_Dust;False;$1,112,000 [ 1 ];0.0
Citizen Kane;1941 [C]  (14th);http://en.wikipedia.org/wiki/Citizen_Kane;False;$839,727;0.0
Here Comes Mr. Jordan;1941 [C]  (14th);http://en.wikipedia.org/wiki/Here_Comes_Mr._Jordan;False;;0.0
Hold Back the Dawn;1941 [C]  (14th);http://en.wikipedia.org/wiki/Hold_Back_the_Dawn;False;;0.0
The Little Foxes;1941 [C]  (14th);http://en.wikipedia.org/wiki/The_Little_Foxes_(film);False;;0.0
The Maltese Falcon;1941 [C]  (14th);http://en.wikipedia.org/wiki/The_Maltese_Falcon_(1941_film);False;$381,000 [ 1 ];0.0
One Foot in Heaven;1941 [C]  (14th);http://en.wikipedia.org/wiki/One_Foot_in_Heaven;False;;0.0
Sergeant York;1941 [C]  (14th);http://en.wikipedia.org/wiki/Sergeant_York_(film);False;$1.4 million [ 1 ];0.0
Suspicion;1941 [C]  (14th);http://en.wikipedia.org/wiki/Suspicion_(1941_film);False;$1,103,000 [ 1 ];0.0
Mrs. Miniver;1942  (15th);http://en.wikipedia.org/wiki/Mrs._Miniver_(film);True;$1.34 million [ 2 ];0.0
The Invaders;1942  (15th);http://en.wikipedia.org/wiki/49th_Parallel_(film);False;£ 132,000 (est.);0.0
Kings Row;1942  (15th);http://en.wikipedia.org/wiki/Kings_Row;False;$1,081,698 [ 1 ] [ 2 ];0.0
The Magnificent Ambersons;1942  (15th);http://en.wikipedia.org/wiki/The_Magnificent_Ambersons_(film);False;$1.1 million [ 2 ] :71–72;0.0
The Pied Piper;1942  (15th);http://en.wikipedia.org/wiki/The_Pied_Piper_(1942_film);False;;0.0
The Pride of the Yankees;1942  (15th);http://en.wikipedia.org/wiki/The_Pride_of_the_Yankees;False;;0.0
Random Harvest;1942  (15th);http://en.wikipedia.org/wiki/Random_Harvest_(film);False;$1,210,000 [ 1 ];0.0
The Talk of the Town;1942  (15th);http://en.wikipedia.org/wiki/The_Talk_of_the_Town_(1942_film);False;$1 million [ 1 ];0.0
Wake Island;1942  (15th);http://en.wikipedia.org/wiki/Wake_Island_(1942_film);False;;0.0
Yankee Doodle Dandy;1942  (15th);http://en.wikipedia.org/wiki/Yankee_Doodle_Dandy;False;;0.0
Casablanca;1943  (16th);http://en.wikipedia.org/wiki/Casablanca_(film);True;$878,000 [ 3 ];0.0
For Whom the Bell Tolls;1943  (16th);http://en.wikipedia.org/wiki/For_Whom_the_Bell_Tolls_(film);False;;0.0
Heaven Can Wait;1943  (16th);http://en.wikipedia.org/wiki/Heaven_Can_Wait_(1943_film);False;$1,115,000 [ 2 ];0.0
The Human Comedy;1943  (16th);http://en.wikipedia.org/wiki/The_Human_Comedy_(film);False;$1.0 million [ 1 ] [ 2 ];0.0
In Which We Serve;1943  (16th);http://en.wikipedia.org/wiki/In_Which_We_Serve;False;£240,000 [ 1 ];0.0
Madame Curie;1943  (16th);http://en.wikipedia.org/wiki/Madame_Curie_(film);False;$1,938,000 [ 1 ];0.0
The More the Merrier;1943  (16th);http://en.wikipedia.org/wiki/The_More_the_Merrier;False;$878,000 [ 2 ];0.0
The Ox-Bow Incident;1943  (16th);http://en.wikipedia.org/wiki/The_Ox-Bow_Incident;False;$565,000 [ 1 ];0.0
The Song of Bernadette;1943  (16th);http://en.wikipedia.org/wiki/The_Song_of_Bernadette_(film);False;$1.6 million [ 1 ];0.0
Watch on the Rhine;1943  (16th);http://en.wikipedia.org/wiki/Watch_on_the_Rhine;False;;0.0
Going My Way;1944 [D]  (17th);http://en.wikipedia.org/wiki/Going_My_Way;True;;0.0
Double Indemnity;1944 [D]  (17th);http://en.wikipedia.org/wiki/Double_Indemnity_(film);False;$980,000 [ 1 ];0.0
Gaslight;1944 [D]  (17th);http://en.wikipedia.org/wiki/Gaslight_(1944_film);False;$2,068,000 [ 1 ];0.0
Since You Went Away;1944 [D]  (17th);http://en.wikipedia.org/wiki/Since_You_Went_Away;False;$3,257,000 [ 2 ];0.0
Wilson;1944 [D]  (17th);http://en.wikipedia.org/wiki/Wilson_(film);False;$2,995,000 [ 1 ];0.0
The Lost Weekend;1945  (18th);http://en.wikipedia.org/wiki/The_Lost_Weekend_(film);True;$1.25 million;0.0
Anchors Aweigh;1945  (18th);http://en.wikipedia.org/wiki/Anchors_Aweigh_(film);False;$2,580,000 [ 1 ];0.0
The Bells of St. Mary's;1945  (18th);http://en.wikipedia.org/wiki/The_Bells_of_St._Mary%27s;False;;0.0
Mildred Pierce;1945  (18th);http://en.wikipedia.org/wiki/Mildred_Pierce_(film);False;$1,453,000;0.0
Spellbound;1945  (18th);http://en.wikipedia.org/wiki/Spellbound_(1945_film);False;US$1.5 million;0.0
The Best Years of Our Lives;1946  (19th);http://en.wikipedia.org/wiki/The_Best_Years_of_Our_Lives;True;$2.1 million [ 1 ];0.0
Henry V;1946  (19th);http://en.wikipedia.org/wiki/Henry_V_(1944_film);False;£475,708 (or $2 million) [ 2 ] [ 3 ];0.0
It's a Wonderful Life;1946  (19th);http://en.wikipedia.org/wiki/It%27s_a_Wonderful_Life;False;$3.18 million [ N 1 ];0.0
The Razor's Edge;1946  (19th);http://en.wikipedia.org/wiki/The_Razor%27s_Edge_(1946_film);False;$1.2 million;0.0
The Yearling;1946  (19th);http://en.wikipedia.org/wiki/The_Yearling_(film);False;$3,883,000 [ 1 ] [ 2 ];0.0
Gentleman's Agreement;1947  (20th);http://en.wikipedia.org/wiki/Gentleman%27s_Agreement;True;$1,985,000 [ 1 ];0.0
The Bishop's Wife;1947  (20th);http://en.wikipedia.org/wiki/The_Bishop%27s_Wife;False;;0.0
Crossfire;1947  (20th);http://en.wikipedia.org/wiki/Crossfire_(film);False;$678,000 [ 2 ];0.0
Great Expectations;1947  (20th);http://en.wikipedia.org/wiki/Great_Expectations_(1946_film);False;₤375,000 [ 2 ];0.0
Miracle on 34th Street;1947  (20th);http://en.wikipedia.org/wiki/Miracle_on_34th_Street;False;$630,000;0.0
Hamlet;1948  (21st);http://en.wikipedia.org/wiki/Hamlet_(1948_film);True;£527,530 [ 1 ];0.0
Johnny Belinda;1948  (21st);http://en.wikipedia.org/wiki/Johnny_Belinda_(1948_film);False;;0.0
The Red Shoes;1948  (21st);http://en.wikipedia.org/wiki/The_Red_Shoes_(1948_film);False;£ 505,581 [ 1 ];0.0
The Snake Pit;1948  (21st);http://en.wikipedia.org/wiki/The_Snake_Pit;False;;0.0
The Treasure of the Sierra Madre;1948  (21st);http://en.wikipedia.org/wiki/The_Treasure_of_the_Sierra_Madre_(film);False;$3 million [ 1 ];0.0
All the King's Men;1949  (22nd);http://en.wikipedia.org/wiki/All_the_King%27s_Men_(1949_film);True;;0.0
Battleground;1949  (22nd);http://en.wikipedia.org/wiki/Battleground_(1949_film);False;$1,631,000 [ 1 ] [ 2 ];0.0
The Heiress;1949  (22nd);http://en.wikipedia.org/wiki/The_Heiress;False;$2.6 million;0.0
A Letter to Three Wives;1949  (22nd);http://en.wikipedia.org/wiki/A_Letter_to_Three_Wives;False;;0.0
Twelve O'Clock High;1949  (22nd);http://en.wikipedia.org/wiki/Twelve_O%27Clock_High;False;;0.0
All About Eve;1950  (23rd);http://en.wikipedia.org/wiki/All_About_Eve;True;$1.4 million [ 2 ] [ 3 ];0.0
Born Yesterday;1950  (23rd);http://en.wikipedia.org/wiki/Born_Yesterday_(1950_film);False;;0.0
Father of the Bride;1950  (23rd);http://en.wikipedia.org/wiki/Father_of_the_Bride_(1950_film);False;$1,215,000 [ 1 ] [ 2 ];0.0
King Solomon's Mines;1950  (23rd);http://en.wikipedia.org/wiki/King_Solomon%27s_Mines_(1950_film);False;$2,258,000 [ 1 ];0.0
Sunset Boulevard;1950  (23rd);http://en.wikipedia.org/wiki/Sunset_Boulevard_(film);False;$1.75 million;0.0
An American in Paris;1951  (24th);http://en.wikipedia.org/wiki/An_American_in_Paris_(film);True;$2,724,000 [ 1 ];0.0
Decision Before Dawn;1951  (24th);http://en.wikipedia.org/wiki/Decision_Before_Dawn;False;;0.0
A Place in the Sun;1951  (24th);http://en.wikipedia.org/wiki/A_Place_in_the_Sun_(film);False;$2,295,304;0.0
Quo Vadis;1951  (24th);http://en.wikipedia.org/wiki/Quo_Vadis_(1951_film);False;$7,623,000 [ 1 ] [ 2 ];0.0
A Streetcar Named Desire;1951  (24th);http://en.wikipedia.org/wiki/A_Streetcar_Named_Desire_(1951_film);False;$1.8 million [ 1 ];0.0
The Greatest Show on Earth;1952  (25th);http://en.wikipedia.org/wiki/The_Greatest_Show_on_Earth;True;;0.0
High Noon;1952  (25th);http://en.wikipedia.org/wiki/High_Noon;False;$730,000 [ 1 ];0.0
Ivanhoe;1952  (25th);http://en.wikipedia.org/wiki/Ivanhoe_(1952_film);False;$3,842,000 [ 1 ];0.0
Moulin Rouge;1952  (25th);http://en.wikipedia.org/wiki/Moulin_Rouge_(1952_film);False;USD$ 1.5 million (approx. £967,785);0.0
The Quiet Man;1952  (25th);http://en.wikipedia.org/wiki/The_Quiet_Man;False;$1.75 million;0.0
From Here to Eternity;1953  (26th);http://en.wikipedia.org/wiki/From_Here_to_Eternity;True;$1,650,000;0.0
Julius Caesar;1953  (26th);http://en.wikipedia.org/wiki/Julius_Caesar_(1953_film);False;$2,070,000 [ 1 ];0.0
The Robe;1953  (26th);http://en.wikipedia.org/wiki/The_Robe_(film);False;$4.1 million [ 1 ];0.0
Roman Holiday;1953  (26th);http://en.wikipedia.org/wiki/Roman_Holiday;False;$1.5 million;0.0
Shane;1953  (26th);http://en.wikipedia.org/wiki/Shane_(film);False;$3.1 million;0.0
On the Waterfront;1954  (27th);http://en.wikipedia.org/wiki/On_the_Waterfront;True;$910,000;0.0
The Caine Mutiny;1954  (27th);http://en.wikipedia.org/wiki/The_Caine_Mutiny_(film);False;$2 million [ 1 ];0.0
The Country Girl;1954  (27th);http://en.wikipedia.org/wiki/The_Country_Girl_(1954_film);False;;0.0
Seven Brides for Seven Brothers;1954  (27th);http://en.wikipedia.org/wiki/Seven_Brides_for_Seven_Brothers_(film);False;$2,540,000 [ 1 ];0.0
Three Coins in the Fountain;1954  (27th);http://en.wikipedia.org/wiki/Three_Coins_in_the_Fountain_(1954_film);False;$1.7 million [ 1 ];0.0
Marty;1955  (28th);http://en.wikipedia.org/wiki/Marty_(film);True;$350,000 [ 1 ] [ 2 ];0.0
Love Is a Many-Splendored Thing;1955  (28th);http://en.wikipedia.org/wiki/Love_Is_a_Many-Splendored_Thing_(film);False;$1.78 million [ 1 ];0.0
Mister Roberts;1955  (28th);http://en.wikipedia.org/wiki/Mister_Roberts_(1955_film);False;;0.0
Picnic;1955  (28th);http://en.wikipedia.org/wiki/Picnic_(1955_film);False;;0.0
The Rose Tattoo;1955  (28th);http://en.wikipedia.org/wiki/The_Rose_Tattoo_(film);False;;0.0
Around the World in 80 Days;1956  (29th);http://en.wikipedia.org/wiki/Around_the_World_in_80_Days_(1956_film);True;$6 million [ 1 ] [ 2 ];0.0
Friendly Persuasion;1956  (29th);http://en.wikipedia.org/wiki/Friendly_Persuasion_(1956_film);False;$3 million [ 1 ] [ 2 ];0.0
Giant;1956  (29th);http://en.wikipedia.org/wiki/Giant_(1956_film);False;$5.4 million [ 1 ];0.0
The King and I;1956  (29th);http://en.wikipedia.org/wiki/The_King_and_I_(1956_film);False;$4.55 million [ 2 ];0.0
The Ten Commandments;1956  (29th);http://en.wikipedia.org/wiki/The_Ten_Commandments_(1956_film);False;$13 million [ 2 ];0.0
The Bridge on the River Kwai;1957  (30th);http://en.wikipedia.org/wiki/The_Bridge_on_the_River_Kwai;True;$2.8 million [ 2 ];0.0
12 Angry Men;1957  (30th);http://en.wikipedia.org/wiki/12_Angry_Men_(1957_film);False;$340,000 [ 1 ] [ 2 ];0.0
Peyton Place;1957  (30th);http://en.wikipedia.org/wiki/Peyton_Place_(film);False;$2.2 million [ 1 ] or $1.8 million [ 2 ];0.0
Sayonara;1957  (30th);http://en.wikipedia.org/wiki/Sayonara;False;;0.0
Witness for the Prosecution;1957  (30th);http://en.wikipedia.org/wiki/Witness_for_the_Prosecution_(1957_film);False;$3 million;0.0
Gigi;1958  (31st);http://en.wikipedia.org/wiki/Gigi_(1958_film);True;$3,319,355 [ 2 ] [ 3 ];0.0
Auntie Mame;1958  (31st);http://en.wikipedia.org/wiki/Auntie_Mame_(film);False;;0.0
Cat on a Hot Tin Roof;1958  (31st);http://en.wikipedia.org/wiki/Cat_on_a_Hot_Tin_Roof_(film);False;$2,345,000 [ 1 ];0.0
The Defiant Ones;1958  (31st);http://en.wikipedia.org/wiki/The_Defiant_Ones;False;$778,000 [ 1 ];0.0
Separate Tables;1958  (31st);http://en.wikipedia.org/wiki/Separate_Tables_(film);False;;0.0
Ben-Hur;1959  (32nd);http://en.wikipedia.org/wiki/Ben-Hur_(1959_film);True;$15.2 million [ 3 ] [ 4 ];0.0
Anatomy of a Murder;1959  (32nd);http://en.wikipedia.org/wiki/Anatomy_of_a_Murder;False;;0.0
The Diary of Anne Frank;1959  (32nd);http://en.wikipedia.org/wiki/The_Diary_of_Anne_Frank_(1959_film);False;$3.8 million [ 1 ];0.0
The Nun's Story;1959  (32nd);http://en.wikipedia.org/wiki/The_Nun%27s_Story_(film);False;$3.5 million [ 1 ];0.0
Room at the Top;1959  (32nd);http://en.wikipedia.org/wiki/Room_at_the_Top_(1959_film);False;£280,000 [ 1 ];0.0
The Apartment;1960  (33rd);http://en.wikipedia.org/wiki/The_Apartment;True;$3 million;0.0
The Alamo;1960  (33rd);http://en.wikipedia.org/wiki/The_Alamo_(1960_film);False;$12 million est. [ 1 ];0.0
Elmer Gantry;1960  (33rd);http://en.wikipedia.org/wiki/Elmer_Gantry_(film);False;$3 million;0.0
Sons and Lovers;1960  (33rd);http://en.wikipedia.org/wiki/Sons_and_Lovers_(1960_film);False;$805,000 [ 1 ];0.0
The Sundowners;1960  (33rd);http://en.wikipedia.org/wiki/The_Sundowners;False;;0.0
West Side Story;1961  (34th);http://en.wikipedia.org/wiki/West_Side_Story_(film);True;$6 million;0.0
Fanny;1961  (34th);http://en.wikipedia.org/wiki/Fanny_(1961_film);False;;0.0
The Guns of Navarone;1961  (34th);http://en.wikipedia.org/wiki/The_Guns_of_Navarone_(film);False;$6 million;0.0
The Hustler;1961  (34th);http://en.wikipedia.org/wiki/The_Hustler_(film);False;$2,125,000 [ 1 ];0.0
Judgment at Nuremberg;1961  (34th);http://en.wikipedia.org/wiki/Judgment_at_Nuremberg;False;$3 million [ 1 ];0.0
Lawrence of Arabia;1962 [E]  (35th);http://en.wikipedia.org/wiki/Lawrence_of_Arabia_(film);True;$15 million [ 3 ];0.0
The Longest Day;1962 [E]  (35th);http://en.wikipedia.org/wiki/The_Longest_Day_(film);False;$7.75 million [ 1 ];0.0
The Music Man;1962 [E]  (35th);http://en.wikipedia.org/wiki/The_Music_Man_(1962_film);False;;0.0
Mutiny on the Bounty;1962 [E]  (35th);http://en.wikipedia.org/wiki/Mutiny_on_the_Bounty_(1962_film);False;$19 million;0.0
To Kill a Mockingbird;1962 [E]  (35th);http://en.wikipedia.org/wiki/To_Kill_a_Mockingbird_(film);False;$2 million [ 1 ];0.0
Tom Jones;1963  (36th);http://en.wikipedia.org/wiki/Tom_Jones_(1963_film);True;$1 million or £467,000 [ 1 ];0.0
America, America;1963  (36th);http://en.wikipedia.org/wiki/America,_America;False;;0.0
Cleopatra;1963  (36th);http://en.wikipedia.org/wiki/Cleopatra_(1963_film);False;$31.115 million [ 3 ];0.0
How the West Was Won;1963  (36th);http://en.wikipedia.org/wiki/How_the_West_Was_Won_(film);False;$14,483,000 [ 1 ] [ 2 ] [ 3 ];0.0
Lilies of the Field;1963  (36th);http://en.wikipedia.org/wiki/Lilies_of_the_Field_(1963_film);False;$240,000 [ 1 ];0.0
My Fair Lady;1964  (37th);http://en.wikipedia.org/wiki/My_Fair_Lady_(film);True;$17 million [ 1 ];0.0
Becket;1964  (37th);http://en.wikipedia.org/wiki/Becket_(1964_film);False;$3 million;0.0
Dr. Strangelove or: How I Learned to Stop Worrying and Love the Bomb;1964  (37th);http://en.wikipedia.org/wiki/Dr._Strangelove;False;$1.8 million [ 3 ];0.0
Mary Poppins;1964  (37th);http://en.wikipedia.org/wiki/Mary_Poppins_(film);False;;0.0
Zorba the Greek;1964  (37th);http://en.wikipedia.org/wiki/Zorba_the_Greek_(film);False;$783,000 [ 1 ];0.0
The Sound of Music;1965  (38th);http://en.wikipedia.org/wiki/The_Sound_of_Music_(film);True;$8.2 million [ 2 ] [ 3 ];0.0
Darling;1965  (38th);http://en.wikipedia.org/wiki/Darling_(1965_film);False;£300,000 [ 1 ];0.0
Doctor Zhivago;1965  (38th);http://en.wikipedia.org/wiki/Doctor_Zhivago_(film);False;$11 million;0.0
Ship of Fools;1965  (38th);http://en.wikipedia.org/wiki/Ship_of_Fools_(film);False;;0.0
A Thousand Clowns;1965  (38th);http://en.wikipedia.org/wiki/A_Thousand_Clowns_(film);False;;0.0
A Man for All Seasons;1966  (39th);http://en.wikipedia.org/wiki/A_Man_for_All_Seasons_(1966_film);True;$2 million;0.0
Alfie;1966  (39th);http://en.wikipedia.org/wiki/Alfie_(1966_film);False;$800,000 [ 2 ];0.0
The Russians Are Coming, the Russians Are Coming;1966  (39th);http://en.wikipedia.org/wiki/The_Russians_Are_Coming,_the_Russians_Are_Coming;False;$3.9 million [ 1 ];0.0
The Sand Pebbles;1966  (39th);http://en.wikipedia.org/wiki/The_Sand_Pebbles_(film);False;$12,110,000 [ 1 ];0.0
Who's Afraid of Virginia Woolf?;1966  (39th);http://en.wikipedia.org/wiki/Who%27s_Afraid_of_Virginia_Woolf%3F_(film);False;0.0;0.0
In the Heat of the Night;1967  (40th);http://en.wikipedia.org/wiki/In_the_Heat_of_the_Night_(film);True;$2 million [ 2 ];0.0
Bonnie and Clyde;1967  (40th);http://en.wikipedia.org/wiki/Bonnie_and_Clyde_(film);False;$2.5 million;0.0
Doctor Dolittle;1967  (40th);http://en.wikipedia.org/wiki/Doctor_Dolittle_(film);False;$17 million [ 1 ];0.0
The Graduate;1967  (40th);http://en.wikipedia.org/wiki/The_Graduate;False;$3 million;0.0
Guess Who's Coming to Dinner;1967  (40th);http://en.wikipedia.org/wiki/Guess_Who%27s_Coming_to_Dinner;False;$4 million;0.0
Oliver!;1968  (41st);http://en.wikipedia.org/wiki/Oliver!_(film);True;$10 million;0.0
Funny Girl;1968  (41st);http://en.wikipedia.org/wiki/Funny_Girl_(film);False;$14.1 million;0.0
The Lion in Winter;1968  (41st);http://en.wikipedia.org/wiki/The_Lion_in_Winter_(1968_film);False;$10 million [ citation needed ];0.0
Rachel, Rachel;1968  (41st);http://en.wikipedia.org/wiki/Rachel,_Rachel;False;$780,000;0.0
Romeo and Juliet;1968  (41st);http://en.wikipedia.org/wiki/Romeo_and_Juliet_(1968_film);False;$850,000 [ 1 ];0.0
Midnight Cowboy;1969  (42nd);http://en.wikipedia.org/wiki/Midnight_Cowboy;True;$3.2 million [ 1 ];0.0
Anne of the Thousand Days;1969  (42nd);http://en.wikipedia.org/wiki/Anne_of_the_Thousand_Days;False;;0.0
Butch Cassidy and the Sundance Kid;1969  (42nd);http://en.wikipedia.org/wiki/Butch_Cassidy_and_the_Sundance_Kid;False;$6 million [ 2 ];0.0
Hello, Dolly!;1969  (42nd);http://en.wikipedia.org/wiki/Hello,_Dolly!_(film);False;$25 million;0.0
Z [K];1969  (42nd);http://en.wikipedia.org/wiki/Z_(1969_film);False;;0.0
Patton;1970  (43rd);http://en.wikipedia.org/wiki/Patton_(film);True;$12.6 million [ 1 ];0.0
Airport;1970  (43rd);http://en.wikipedia.org/wiki/Airport_(1970_film);False;$10.2 million [ 1 ];0.0
Five Easy Pieces;1970  (43rd);http://en.wikipedia.org/wiki/Five_Easy_Pieces;False;$1.6 million;0.0
Love Story;1970  (43rd);http://en.wikipedia.org/wiki/Love_Story_(1970_film);False;$2.2 million;0.0
MASH;1970  (43rd);http://en.wikipedia.org/wiki/MASH_(film);False;$3.025 million [ 2 ];0.0
The French Connection;1971  (44th);http://en.wikipedia.org/wiki/The_French_Connection_(film);True;$1.8 million;0.0
A Clockwork Orange;1971  (44th);http://en.wikipedia.org/wiki/A_Clockwork_Orange_(film);False;$2.2 million [ 3 ];0.0
Fiddler on the Roof;1971  (44th);http://en.wikipedia.org/wiki/Fiddler_on_the_Roof_(film);False;$9 million;0.0
The Last Picture Show;1971  (44th);http://en.wikipedia.org/wiki/The_Last_Picture_Show;False;$1.3 million;0.0
Nicholas and Alexandra;1971  (44th);http://en.wikipedia.org/wiki/Nicholas_and_Alexandra;False;;0.0
The Godfather;1972  (45th);http://en.wikipedia.org/wiki/The_Godfather;True;$6–7 million [ 1 ] [ 2 ];0.0
Cabaret;1972  (45th);http://en.wikipedia.org/wiki/Cabaret_(1972_film);False;$2,285,000 [ 1 ];0.0
Deliverance;1972  (45th);http://en.wikipedia.org/wiki/Deliverance;False;$2 million;0.0
The Emigrants [K];1972  (45th);http://en.wikipedia.org/wiki/The_Emigrants_(film);False;$1.6 million;0.0
Sounder;1972  (45th);http://en.wikipedia.org/wiki/Sounder_(film);False;$900,000 [ 3 ];0.0
The Sting;1973  (46th);http://en.wikipedia.org/wiki/The_Sting;True;$5.5 million [ 1 ];0.0
American Graffiti;1973  (46th);http://en.wikipedia.org/wiki/American_Graffiti;False;$777,000 [ 1 ];0.0
Cries and Whispers [K];1973  (46th);http://en.wikipedia.org/wiki/Cries_and_Whispers;False;$400,000;0.0
The Exorcist;1973  (46th);http://en.wikipedia.org/wiki/The_Exorcist_(film);False;$12 million [ 2 ];0.0
A Touch of Class;1973  (46th);http://en.wikipedia.org/wiki/A_Touch_of_Class_(film);False;;0.0
The Godfather Part II  [O];1974  (47th);http://en.wikipedia.org/wiki/The_Godfather_Part_II;True;$13 million [ 2 ] [ 3 ];0.0
Chinatown;1974  (47th);http://en.wikipedia.org/wiki/Chinatown_(1974_film);False;$6 million [ 2 ];0.0
The Conversation;1974  (47th);http://en.wikipedia.org/wiki/The_Conversation;False;$1.6 million;0.0
Lenny;1974  (47th);http://en.wikipedia.org/wiki/Lenny_(film);False;;0.0
The Towering Inferno;1974  (47th);http://en.wikipedia.org/wiki/The_Towering_Inferno;False;$14.3 million [ 1 ];0.0
One Flew Over the Cuckoo's Nest;1975  (48th);http://en.wikipedia.org/wiki/One_Flew_Over_the_Cuckoo%27s_Nest_(film);True;$3 million [ 3 ];0.0
Barry Lyndon;1975  (48th);http://en.wikipedia.org/wiki/Barry_Lyndon;False;$11 million;0.0
Dog Day Afternoon;1975  (48th);http://en.wikipedia.org/wiki/Dog_Day_Afternoon;False;$1.8 million;0.0
Jaws;1975  (48th);http://en.wikipedia.org/wiki/Jaws_(film);False;$9 million;0.0
Nashville;1975  (48th);http://en.wikipedia.org/wiki/Nashville_(film);False;$2.2 million;0.0
Rocky;1976  (49th);http://en.wikipedia.org/wiki/Rocky;True;$1.1 million;0.0
All the President's Men;1976  (49th);http://en.wikipedia.org/wiki/All_the_President%27s_Men_(film);False;$8.5 million;0.0
Bound for Glory;1976  (49th);http://en.wikipedia.org/wiki/Bound_for_Glory_(film);False;;0.0
Network;1976  (49th);http://en.wikipedia.org/wiki/Network_(film);False;$3.8 million;0.0
Taxi Driver;1976  (49th);http://en.wikipedia.org/wiki/Taxi_Driver;False;$1.3 million;0.0
Annie Hall;1977  (50th);http://en.wikipedia.org/wiki/Annie_Hall;True;$4 million;0.0
The Goodbye Girl;1977  (50th);http://en.wikipedia.org/wiki/The_Goodbye_Girl;False;;0.0
Julia;1977  (50th);http://en.wikipedia.org/wiki/Julia_(1977_film);False;$7.84 million [ 1 ];0.0
Star Wars;1977  (50th);http://en.wikipedia.org/wiki/Star_Wars_(film);False;$11 million [ 3 ];0.0
The Turning Point;1977  (50th);http://en.wikipedia.org/wiki/The_Turning_Point_(1977_film);False;;0.0
The Deer Hunter;1978  (51st);http://en.wikipedia.org/wiki/The_Deer_Hunter;True;$15 million [ 2 ];0.0
Coming Home;1978  (51st);http://en.wikipedia.org/wiki/Coming_Home_(1978_film);False;$3 million;0.0
Heaven Can Wait;1978  (51st);http://en.wikipedia.org/wiki/Heaven_Can_Wait_(1978_film);False;$15 million [ 1 ];0.0
Midnight Express;1978  (51st);http://en.wikipedia.org/wiki/Midnight_Express_(film);False;$2.3 million;0.0
An Unmarried Woman;1978  (51st);http://en.wikipedia.org/wiki/An_Unmarried_Woman;False;$2,515,000 [ 1 ];0.0
Kramer vs. Kramer;1979  (52nd);http://en.wikipedia.org/wiki/Kramer_vs._Kramer;True;$8 million [ 1 ];0.0
All That Jazz;1979  (52nd);http://en.wikipedia.org/wiki/All_That_Jazz_(film);False;$12 million [ 2 ];0.0
Apocalypse Now;1979  (52nd);http://en.wikipedia.org/wiki/Apocalypse_Now;False;$31.5 million [ 2 ];0.0
Breaking Away;1979  (52nd);http://en.wikipedia.org/wiki/Breaking_Away;False;$2.3 million [ 2 ];0.0
Norma Rae;1979  (52nd);http://en.wikipedia.org/wiki/Norma_Rae;False;$4.5 million [ 2 ];0.0
Ordinary People;1980  (53rd);http://en.wikipedia.org/wiki/Ordinary_People;True;$6 million;0.0
Coal Miner's Daughter;1980  (53rd);http://en.wikipedia.org/wiki/Coal_Miner%27s_Daughter_(film);False;$15 million [ 1 ];0.0
The Elephant Man;1980  (53rd);http://en.wikipedia.org/wiki/The_Elephant_Man_(film);False;$5 million;0.0
Raging Bull;1980  (53rd);http://en.wikipedia.org/wiki/Raging_Bull;False;$18 million [ 2 ];0.0
Tess;1980  (53rd);http://en.wikipedia.org/wiki/Tess_(film);False;$12 million (est.);0.0
Chariots of Fire;1981  (54th);http://en.wikipedia.org/wiki/Chariots_of_Fire;True;£3 million [ 1 ];0.0
Atlantic City;1981  (54th);http://en.wikipedia.org/wiki/Atlantic_City_(1980_film);False;$7.2 million;0.0
On Golden Pond;1981  (54th);http://en.wikipedia.org/wiki/On_Golden_Pond_(1981_film);False;$15 million [ 1 ];0.0
Raiders of the Lost Ark;1981  (54th);http://en.wikipedia.org/wiki/Raiders_of_the_Lost_Ark;False;$18 million [ 1 ];0.0
Reds;1981  (54th);http://en.wikipedia.org/wiki/Reds_(film);False;$32 million;0.0
Gandhi;1982  (55th);http://en.wikipedia.org/wiki/Gandhi_(film);True;$22 million [ 3 ];0.0
E.T. the Extra-Terrestrial;1982  (55th);http://en.wikipedia.org/wiki/E.T._the_Extra-Terrestrial;False;$10.500.000 [ 2 ];0.0
Missing;1982  (55th);http://en.wikipedia.org/wiki/Missing_(film);False;$5 million [ 1 ];0.0
Tootsie;1982  (55th);http://en.wikipedia.org/wiki/Tootsie;False;$21 million [ 1 ];0.0
The Verdict;1982  (55th);http://en.wikipedia.org/wiki/The_Verdict;False;$16 million [ 1 ] [ 2 ];0.0
Terms of Endearment;1983  (56th);http://en.wikipedia.org/wiki/Terms_of_Endearment;True;$8 million;0.0
The Big Chill;1983  (56th);http://en.wikipedia.org/wiki/The_Big_Chill_(film);False;;0.0
The Dresser;1983  (56th);http://en.wikipedia.org/wiki/The_Dresser;False;;0.0
The Right Stuff;1983  (56th);http://en.wikipedia.org/wiki/The_Right_Stuff_(film);False;$27 million;0.0
Tender Mercies;1983  (56th);http://en.wikipedia.org/wiki/Tender_Mercies;False;$4.5 million;0.0
Amadeus;1984  (57th);http://en.wikipedia.org/wiki/Amadeus_(film);True;$18 million [ 2 ];0.0
The Killing Fields;1984  (57th);http://en.wikipedia.org/wiki/The_Killing_Fields_(film);False;$14.4 million [ 1 ];0.0
A Passage to India;1984  (57th);http://en.wikipedia.org/wiki/A_Passage_to_India_(film);False;£17 million [ 1 ];0.0
Places in the Heart;1984  (57th);http://en.wikipedia.org/wiki/Places_in_the_Heart;False;$9.5 million;0.0
A Soldier's Story;1984  (57th);http://en.wikipedia.org/wiki/A_Soldier%27s_Story;False;;0.0
Out of Africa;1985  (58th);http://en.wikipedia.org/wiki/Out_of_Africa_(film);True;$28 million [ 1 ];0.0
The Color Purple;1985  (58th);http://en.wikipedia.org/wiki/The_Color_Purple_(film);False;$15 million;0.0
Kiss of the Spider Woman;1985  (58th);http://en.wikipedia.org/wiki/Kiss_of_the_Spider_Woman_(film);False;;0.0
Prizzi's Honor;1985  (58th);http://en.wikipedia.org/wiki/Prizzi%27s_Honor;False;$16 million [ 1 ];0.0
Witness;1985  (58th);http://en.wikipedia.org/wiki/Witness_(1985_film);False;$12 million;0.0
Platoon;1986  (59th);http://en.wikipedia.org/wiki/Platoon_(film);True;$6 million [ 2 ];0.0
Children of a Lesser God;1986  (59th);http://en.wikipedia.org/wiki/Children_of_a_Lesser_God;False;$2 million [ 1 ];0.0
Hannah and Her Sisters;1986  (59th);http://en.wikipedia.org/wiki/Hannah_and_Her_Sisters;False;$6,400,000 (est.);0.0
The Mission;1986  (59th);http://en.wikipedia.org/wiki/The_Mission_(1986_film);False;£16.5 million [ 1 ];0.0
A Room with a View;1986  (59th);http://en.wikipedia.org/wiki/A_Room_with_a_View_(1986_film);False;£2.3 million [ 1 ];0.0
The Last Emperor [O];1987  (60th);http://en.wikipedia.org/wiki/The_Last_Emperor;True;$23.8 million [ 1 ];0.0
Broadcast News;1987  (60th);http://en.wikipedia.org/wiki/Broadcast_News_(film);False;$15 million [ 1 ];0.0
Fatal Attraction;1987  (60th);http://en.wikipedia.org/wiki/Fatal_Attraction;False;$14 million;0.0
Hope and Glory;1987  (60th);http://en.wikipedia.org/wiki/Hope_and_Glory_(film);False;$9.3 million [ 1 ];0.0
Moonstruck;1987  (60th);http://en.wikipedia.org/wiki/Moonstruck;False;$15 million [ 1 ];0.0
Rain Man;1988  (61st);http://en.wikipedia.org/wiki/Rain_Man;True;$25 million [ 1 ];0.0
The Accidental Tourist;1988  (61st);http://en.wikipedia.org/wiki/The_Accidental_Tourist_(film);False;;0.0
Dangerous Liaisons;1988  (61st);http://en.wikipedia.org/wiki/Dangerous_Liaisons;False;$14 million;0.0
Mississippi Burning;1988  (61st);http://en.wikipedia.org/wiki/Mississippi_Burning;False;;0.0
Working Girl;1988  (61st);http://en.wikipedia.org/wiki/Working_Girl;False;$ 28.6 million;0.0
Driving Miss Daisy;1989  (62nd);http://en.wikipedia.org/wiki/Driving_Miss_Daisy;True;$7.5 million [ 3 ];0.0
Born on the Fourth of July;1989  (62nd);http://en.wikipedia.org/wiki/Born_on_the_Fourth_of_July_(film);False;$14 million;0.0
Dead Poets Society;1989  (62nd);http://en.wikipedia.org/wiki/Dead_Poets_Society;False;$16.4 million;0.0
Field of Dreams;1989  (62nd);http://en.wikipedia.org/wiki/Field_of_Dreams;False;$15 million [ 2 ] [ 3 ];0.0
My Left Foot;1989  (62nd);http://en.wikipedia.org/wiki/My_Left_Foot;False;£600,000;0.0
Dances with Wolves;1990  (63rd);http://en.wikipedia.org/wiki/Dances_with_Wolves;True;$22 million [ 2 ];0.0
Awakenings;1990  (63rd);http://en.wikipedia.org/wiki/Awakenings;False;$31 million [ 1 ];0.0
Ghost;1990  (63rd);http://en.wikipedia.org/wiki/Ghost_(1990_film);False;$22 million;0.0
The Godfather Part III;1990  (63rd);http://en.wikipedia.org/wiki/The_Godfather_Part_III;False;$54 million [ 2 ];0.0
Goodfellas;1990  (63rd);http://en.wikipedia.org/wiki/Goodfellas;False;$25 million [ 2 ];0.0
The Silence of the Lambs;1991  (64th);http://en.wikipedia.org/wiki/The_Silence_of_the_Lambs_(film);True;$19 million [ 2 ];0.0
Beauty and the Beast;1991  (64th);http://en.wikipedia.org/wiki/Beauty_and_the_Beast_(1991_film);False;$25 million [ 2 ];0.0
Bugsy;1991  (64th);http://en.wikipedia.org/wiki/Bugsy;False;$30 million [ 2 ];0.0
JFK;1991  (64th);http://en.wikipedia.org/wiki/JFK_(film);False;$40 million;0.0
The Prince of Tides;1991  (64th);http://en.wikipedia.org/wiki/The_Prince_of_Tides;False;$30 million;0.0
Unforgiven;1992  (65th);http://en.wikipedia.org/wiki/Unforgiven;True;$14.4 million [ 2 ];0.0
The Crying Game;1992  (65th);http://en.wikipedia.org/wiki/The_Crying_Game;False;£ 2.3 million ( $ 3.6 million);0.0
A Few Good Men;1992  (65th);http://en.wikipedia.org/wiki/A_Few_Good_Men;False;$33–40 million [ 1 ] [ 2 ];0.0
Howards End;1992  (65th);http://en.wikipedia.org/wiki/Howards_End_(film);False;$8 million;0.0
Scent of a Woman;1992  (65th);http://en.wikipedia.org/wiki/Scent_of_a_Woman_(1992_film);False;$31 million [ 1 ];0.0
Schindler's List;1993  (66th);http://en.wikipedia.org/wiki/Schindler%27s_List;True;$22 million [ 2 ];0.0
The Fugitive;1993  (66th);http://en.wikipedia.org/wiki/The_Fugitive_(1993_film);False;$44 million [ 1 ];0.0
In the Name of the Father;1993  (66th);http://en.wikipedia.org/wiki/In_the_Name_of_the_Father_(film);False;$13 million;0.0
The Piano;1993  (66th);http://en.wikipedia.org/wiki/The_Piano;False;$7 million [ 1 ];0.0
The Remains of the Day;1993  (66th);http://en.wikipedia.org/wiki/The_Remains_of_the_Day_(film);False;$15 million;0.0
Forrest Gump;1994  (67th);http://en.wikipedia.org/wiki/Forrest_Gump;True;$55 million [ 1 ];0.0
Four Weddings and a Funeral;1994  (67th);http://en.wikipedia.org/wiki/Four_Weddings_and_a_Funeral;False;£2,800,000;0.0
Pulp Fiction;1994  (67th);http://en.wikipedia.org/wiki/Pulp_Fiction;False;$8–8.5 million [ 2 ] [ 3 ];0.0
Quiz Show;1994  (67th);http://en.wikipedia.org/wiki/Quiz_Show_(film);False;$31 million [ 1 ];0.0
The Shawshank Redemption;1994  (67th);http://en.wikipedia.org/wiki/The_Shawshank_Redemption;False;$25 million [ 2 ];0.0
Braveheart;1995  (68th);http://en.wikipedia.org/wiki/Braveheart;True;$72 million [ 2 ];0.0
Apollo 13;1995  (68th);http://en.wikipedia.org/wiki/Apollo_13_(film);False;$52 million [ 1 ];0.0
Babe;1995  (68th);http://en.wikipedia.org/wiki/Babe_(film);False;$30 million;0.0
Il Postino: The Postman [K];1995  (68th);http://en.wikipedia.org/wiki/Il_Postino:_The_Postman;False;$3 million [ 1 ];0.0
Sense and Sensibility;1995  (68th);http://en.wikipedia.org/wiki/Sense_and_Sensibility_(film);False;$16 million;0.0
The English Patient;1996  (69th);http://en.wikipedia.org/wiki/The_English_Patient_(film);True;$27 million [ 2 ];0.0
Fargo;1996  (69th);http://en.wikipedia.org/wiki/Fargo_(film);False;$7 million [ 3 ];0.0
Jerry Maguire;1996  (69th);http://en.wikipedia.org/wiki/Jerry_Maguire;False;$50 million;0.0
Secrets & Lies;1996  (69th);http://en.wikipedia.org/wiki/Secrets_%26_Lies_(film);False;0.0;0.0
Shine;1996  (69th);http://en.wikipedia.org/wiki/Shine_(film);False;$6 million [ 1 ];0.0
Titanic;1997  (70th);http://en.wikipedia.org/wiki/Titanic_(1997_film);True;$200 million [ 3 ] [ 4 ] [ 5 ];0.0
As Good as It Gets;1997  (70th);http://en.wikipedia.org/wiki/As_Good_as_It_Gets;False;$50 million [ 1 ];0.0
The Full Monty;1997  (70th);http://en.wikipedia.org/wiki/The_Full_Monty;False;£3 million [ 2 ]  ($3.5 million) [ 3 ];0.0
Good Will Hunting;1997  (70th);http://en.wikipedia.org/wiki/Good_Will_Hunting;False;$10 million;0.0
L.A. Confidential;1997  (70th);http://en.wikipedia.org/wiki/L.A._Confidential_(film);False;$35 million;0.0
Shakespeare in Love;1998  (71st);http://en.wikipedia.org/wiki/Shakespeare_in_Love;True;$25 million [ 2 ];0.0
Elizabeth;1998  (71st);http://en.wikipedia.org/wiki/Elizabeth_(film);False;$30 million;0.0
Life Is Beautiful [K];1998  (71st);http://en.wikipedia.org/wiki/Life_Is_Beautiful;False;$20 million [ 2 ];0.0
Saving Private Ryan;1998  (71st);http://en.wikipedia.org/wiki/Saving_Private_Ryan;False;$70 million [ 1 ];0.0
The Thin Red Line;1998  (71st);http://en.wikipedia.org/wiki/The_Thin_Red_Line_(1998_film);False;$52 million [ 1 ];0.0
American Beauty;1999  (72nd);http://en.wikipedia.org/wiki/American_Beauty_(1999_film);True;$15 million [ 2 ];0.0
The Cider House Rules;1999  (72nd);http://en.wikipedia.org/wiki/The_Cider_House_Rules_(film);False;$24 million [ 2 ];0.0
The Green Mile;1999  (72nd);http://en.wikipedia.org/wiki/The_Green_Mile_(film);False;$60 million [ 1 ];0.0
The Insider;1999  (72nd);http://en.wikipedia.org/wiki/The_Insider_(film);False;$90 million;0.0
The Sixth Sense;1999  (72nd);http://en.wikipedia.org/wiki/The_Sixth_Sense;False;$40 million [ 1 ];0.0
Gladiator;2000  (73rd);http://en.wikipedia.org/wiki/Gladiator_(2000_film);True;$103 million [ 6 ] [ 7 ];0.0
Chocolat;2000  (73rd);http://en.wikipedia.org/wiki/Chocolat_(2000_film);False;$25 million;0.0
Crouching Tiger, Hidden Dragon [K];2000  (73rd);http://en.wikipedia.org/wiki/Crouching_Tiger,_Hidden_Dragon;False;$17 million;0.0
Erin Brockovich;2000  (73rd);http://en.wikipedia.org/wiki/Erin_Brockovich_(film);False;$51 million;0.0
Traffic;2000  (73rd);http://en.wikipedia.org/wiki/Traffic_(2000_film);False;$46 million [ 1 ];0.0
A Beautiful Mind;2001  (74th);http://en.wikipedia.org/wiki/A_Beautiful_Mind_(film);True;$58 million [ 1 ];0.0
Gosford Park;2001  (74th);http://en.wikipedia.org/wiki/Gosford_Park;False;$19.8 million [ 1 ];0.0
In the Bedroom;2001  (74th);http://en.wikipedia.org/wiki/In_the_Bedroom;False;$1.7 million [ 1 ];0.0
The Lord of the Rings: The Fellowship of the Ring;2001  (74th);http://en.wikipedia.org/wiki/The_Lord_of_the_Rings:_The_Fellowship_of_the_Ring;False;$93 million [ 3 ];0.0
Moulin Rouge!;2001  (74th);http://en.wikipedia.org/wiki/Moulin_Rouge!;False;$52 million [ 2 ];0.0
Chicago;2002  (75th);http://en.wikipedia.org/wiki/Chicago_(2002_film);True;$45 million [ 2 ];0.0
Gangs of New York;2002  (75th);http://en.wikipedia.org/wiki/Gangs_of_New_York;False;$97–$100 million [ 2 ] [ 3 ];0.0
The Hours;2002  (75th);http://en.wikipedia.org/wiki/The_Hours_(film);False;$25 million;0.0
The Lord of the Rings: The Two Towers;2002  (75th);http://en.wikipedia.org/wiki/The_Lord_of_the_Rings:_The_Two_Towers;False;$94 million [ 5 ];0.0
The Pianist;2002  (75th);http://en.wikipedia.org/wiki/The_Pianist_(2002_film);False;$35 million [ 2 ];0.0
The Lord of the Rings: The Return of the King;2003  (76th);http://en.wikipedia.org/wiki/The_Lord_of_the_Rings:_The_Return_of_the_King;True;$94 million [ 5 ];0.0
Lost in Translation;2003  (76th);http://en.wikipedia.org/wiki/Lost_in_Translation_(film);False;$4 million [ 3 ];0.0
Master and Commander: The Far Side of the World;2003  (76th);http://en.wikipedia.org/wiki/Master_and_Commander:_The_Far_Side_of_the_World;False;$150 million [ 3 ];0.0
Mystic River;2003  (76th);http://en.wikipedia.org/wiki/Mystic_River_(film);False;$30 million [ 2 ] [ 3 ];0.0
Seabiscuit;2003  (76th);http://en.wikipedia.org/wiki/Seabiscuit_(film);False;$87 million;0.0
Million Dollar Baby;2004  (77th);http://en.wikipedia.org/wiki/Million_Dollar_Baby;True;$30 million [ 1 ] [ 2 ];0.0
The Aviator;2004  (77th);http://en.wikipedia.org/wiki/The_Aviator_(2004_film);False;$110 million;0.0
Finding Neverland;2004  (77th);http://en.wikipedia.org/wiki/Finding_Neverland_(film);False;$25 million;0.0
Ray;2004  (77th);http://en.wikipedia.org/wiki/Ray_(film);False;$40 million [ 1 ];0.0
Sideways;2004  (77th);http://en.wikipedia.org/wiki/Sideways;False;$16 million;0.0
Crash;2005  (78th);http://en.wikipedia.org/wiki/Crash_(2004_film);True;$6.5 million [ 2 ];0.0
Brokeback Mountain;2005  (78th);http://en.wikipedia.org/wiki/Brokeback_Mountain;False;$14 million [ 1 ];0.0
Capote;2005  (78th);http://en.wikipedia.org/wiki/Capote_(film);False;$7 million [ 2 ];0.0
Good Night, and Good Luck;2005  (78th);http://en.wikipedia.org/wiki/Good_Night,_and_Good_Luck;False;$7 million [ 1 ];0.0
Munich;2005  (78th);http://en.wikipedia.org/wiki/Munich_(film);False;$70 million [ 1 ];0.0
The Departed;2006  (79th);http://en.wikipedia.org/wiki/The_Departed;True;$90 million [ 1 ];0.0
Babel;2006  (79th);http://en.wikipedia.org/wiki/Babel_(film);False;$25 million;0.0
Letters from Iwo Jima [K];2006  (79th);http://en.wikipedia.org/wiki/Letters_from_Iwo_Jima;False;$19 million [ 2 ];0.0
Little Miss Sunshine;2006  (79th);http://en.wikipedia.org/wiki/Little_Miss_Sunshine;False;$8 million;0.0
The Queen;2006  (79th);http://en.wikipedia.org/wiki/The_Queen_(film);False;£9.8 million ($15 million);0.0
No Country for Old Men;2007  (80th);http://en.wikipedia.org/wiki/No_Country_for_Old_Men_(film);True;$25 million;0.0
Atonement;2007  (80th);http://en.wikipedia.org/wiki/Atonement_(film);False;$30 million [ citation needed ];0.0
Juno;2007  (80th);http://en.wikipedia.org/wiki/Juno_(film);False;$6.5 [ 1 ] –$7 million [ 2 ];0.0
Michael Clayton;2007  (80th);http://en.wikipedia.org/wiki/Michael_Clayton_(film);False;$25 million;0.0
There Will Be Blood;2007  (80th);http://en.wikipedia.org/wiki/There_Will_Be_Blood;False;$25 million [ 1 ];0.0
Slumdog Millionaire [O];2008  (81st);http://en.wikipedia.org/wiki/Slumdog_Millionaire;True;$15 million [ 4 ];0.0
The Curious Case of Benjamin Button;2008  (81st);http://en.wikipedia.org/wiki/The_Curious_Case_of_Benjamin_Button_(film);False;$150 million [ 1 ] [ 2 ];0.0
Frost/Nixon;2008  (81st);http://en.wikipedia.org/wiki/Frost/Nixon_(film);False;$25 million;0.0
Milk;2008  (81st);http://en.wikipedia.org/wiki/Milk_(film);False;$20 million;0.0
The Reader;2008  (81st);http://en.wikipedia.org/wiki/The_Reader_(2008_film);False;$32 million [ 3 ];0.0
The Hurt Locker;2009  (82nd);http://en.wikipedia.org/wiki/The_Hurt_Locker;True;$15 million [ 1 ];0.0
Avatar;2009  (82nd);http://en.wikipedia.org/wiki/Avatar_(2009_film);False;$237 million [ 3 ] $9 million+ (re-release) [ 4 ];0.0
The Blind Side;2009  (82nd);http://en.wikipedia.org/wiki/The_Blind_Side_(film);False;$29 million [ 1 ];0.0
District 9;2009  (82nd);http://en.wikipedia.org/wiki/District_9;False;$30 million [ 3 ];0.0
An Education;2009  (82nd);http://en.wikipedia.org/wiki/An_Education;False;$7.5 million [ 2 ];0.0
Inglourious Basterds;2009  (82nd);http://en.wikipedia.org/wiki/Inglourious_Basterds;False;$70 million [ 5 ];0.0
"Precious: Based on the Novel ""Push"" by Sapphire";2009  (82nd);http://en.wikipedia.org/wiki/Precious_(film);False;$10 million [ 1 ];0.0
A Serious Man;2009  (82nd);http://en.wikipedia.org/wiki/A_Serious_Man;False;$7 million;0.0
Up;2009  (82nd);http://en.wikipedia.org/wiki/Up_(2009_film);False;$175 million [ 1 ];0.0
Up in the Air;2009  (82nd);http://en.wikipedia.org/wiki/Up_in_the_Air_(2009_film);False;$25 million [ 1 ] [ 2 ];0.0
The King's Speech;2010  (83rd);http://en.wikipedia.org/wiki/The_King%27s_Speech;True;$15 million [ 3 ];0.0
127 Hours;2010  (83rd);http://en.wikipedia.org/wiki/127_Hours;False;$18 million [ 1 ];0.0
Black Swan;2010  (83rd);http://en.wikipedia.org/wiki/Black_Swan_(film);False;$13 million [ 1 ];0.0
The Fighter;2010  (83rd);http://en.wikipedia.org/wiki/The_Fighter;False;$25 million [ 3 ];0.0
Inception;2010  (83rd);http://en.wikipedia.org/wiki/Inception;False;$160 million [ 3 ];0.0
The Kids Are All Right;2010  (83rd);http://en.wikipedia.org/wiki/The_Kids_Are_All_Right_(film);False;$4 million [ 1 ];0.0
The Social Network;2010  (83rd);http://en.wikipedia.org/wiki/The_Social_Network;False;$40 million [ 2 ];0.0
Toy Story 3;2010  (83rd);http://en.wikipedia.org/wiki/Toy_Story_3;False;$200 million [ 1 ];0.0
True Grit;2010  (83rd);http://en.wikipedia.org/wiki/True_Grit_(2010_film);False;$38 million [ 1 ];0.0
Winter's Bone;2010  (83rd);http://en.wikipedia.org/wiki/Winter%27s_Bone;False;$2 million [ 2 ];0.0
The Artist;2011  (84th);http://en.wikipedia.org/wiki/The_Artist_(film);True;$15 million;0.0
The Descendants;2011  (84th);http://en.wikipedia.org/wiki/The_Descendants;False;$20 million [ 3 ];0.0
Extremely Loud and Incredibly Close;2011  (84th);http://en.wikipedia.org/wiki/Extremely_Loud_and_Incredibly_Close_(film);False;$40 million;0.0
The Help;2011  (84th);http://en.wikipedia.org/wiki/The_Help_(film);False;$25 million [ 1 ];0.0
Hugo;2011  (84th);http://en.wikipedia.org/wiki/Hugo_(film);False;$150-170 million [ 3 ];0.0
Midnight in Paris;2011  (84th);http://en.wikipedia.org/wiki/Midnight_in_Paris;False;$17 million [ 2 ];0.0
Moneyball;2011  (84th);http://en.wikipedia.org/wiki/Moneyball_(film);False;$50 million [ 2 ];0.0
The Tree of Life;2011  (84th);http://en.wikipedia.org/wiki/The_Tree_of_Life_(film);False;$32 million [ 2 ];0.0
War Horse;2011  (84th);http://en.wikipedia.org/wiki/War_Horse_(film);False;$66 million;0.0
Argo;2012  (85th);http://en.wikipedia.org/wiki/Argo_(2012_film);True;$44.5 million [ 2 ];0.0
Amour [K];2012  (85th);http://en.wikipedia.org/wiki/Amour_(2012_film);False;$ 8.9 million [ 3 ];0.0
Beasts of the Southern Wild;2012  (85th);http://en.wikipedia.org/wiki/Beasts_of_the_Southern_Wild;False;$1.8 million;0.0
Django Unchained;2012  (85th);http://en.wikipedia.org/wiki/Django_Unchained;False;$100 million [ 2 ];0.0
Les Misérables;2012  (85th);http://en.wikipedia.org/wiki/Les_Mis%C3%A9rables_(2012_film);False;0.0;0.0
Life of Pi;2012  (85th);http://en.wikipedia.org/wiki/Life_of_Pi_(film);False;US$120 million [ 8 ];0.0
Lincoln;2012  (85th);http://en.wikipedia.org/wiki/Lincoln_(2012_film);False;$65 million [ 3 ];0.0
Silver Linings Playbook;2012  (85th);http://en.wikipedia.org/wiki/Silver_Linings_Playbook;False;$21 million [ 2 ];0.0
Zero Dark Thirty;2012  (85th);http://en.wikipedia.org/wiki/Zero_Dark_Thirty;False;$40 million [ 2 ];0.0
12 Years a Slave;2013  (86th) [ 22 ];http://en.wikipedia.org/wiki/12_Years_a_Slave_(film);True;$22 million [ 2 ];0.0
American Hustle;2013  (86th) [ 22 ];http://en.wikipedia.org/wiki/American_Hustle;False;$40 million [ 2 ];0.0
Captain Phillips;2013  (86th) [ 22 ];http://en.wikipedia.org/wiki/Captain_Phillips_(film);False;$55 million;0.0
Dallas Buyers Club;2013  (86th) [ 22 ];http://en.wikipedia.org/wiki/Dallas_Buyers_Club;False;$5 million [ 1 ];0.0
Gravity;2013  (86th) [ 22 ];http://en.wikipedia.org/wiki/Gravity_(film);False;$100 million [ 3 ];0.0
Her;2013  (86th) [ 22 ];http://en.wikipedia.org/wiki/Her_(film);False;$23 million [ 2 ];0.0
Nebraska;2013  (86th) [ 22 ];http://en.wikipedia.org/wiki/Nebraska_(film);False;$12 million [ 1 ];0.0
Philomena;2013  (86th) [ 22 ];http://en.wikipedia.org/wiki/Philomena_(film);False;$12 million [ 2 ];0.0
The Wolf of Wall Street;2013  (86th) [ 22 ];http://en.wikipedia.org/wiki/The_Wolf_of_Wall_Street_(2013_film);False;$100 million [ 2 ] [ 3 ];0.0
Birdman or (The Unexpected Virtue of Ignorance);2014  (87th) [ 23 ];http://en.wikipedia.org/wiki/Birdman_(film);True;$16.5-18 million [ 2 ] [ 3 ];0.0
American Sniper;2014  (87th) [ 23 ];http://en.wikipedia.org/wiki/American_Sniper;False;$58.8 million [ 3 ] [ 4 ] [ 5 ];0.0
Boyhood;2014  (87th) [ 23 ];http://en.wikipedia.org/wiki/Boyhood_(film);False;$4 million [ 2 ];0.0
The Grand Budapest Hotel;2014  (87th) [ 23 ];http://en.wikipedia.org/wiki/The_Grand_Budapest_Hotel;False;€ 23 million [ 3 ] (US$30 million);0.0
The Imitation Game;2014  (87th) [ 23 ];http://en.wikipedia.org/wiki/The_Imitation_Game;False;$14 million [ 4 ];0.0
Selma;2014  (87th) [ 23 ];http://en.wikipedia.org/wiki/Selma_(film);False;$20 million [ 2 ];0.0
The Theory of Everything;2014  (87th) [ 23 ];http://en.wikipedia.org/wiki/The_Theory_of_Everything_(2014_film);False;$15 million [ 3 ];0.0
Whiplash;2014  (87th) [ 23 ];http://en.wikipedia.org/wiki/Whiplash_(2014_film);False;$3.3 million [ 2 ];0.0
